,close,volume,vwap,changeOverTime,high,low,open
2020-05-21,15.99,31344500.0,16.02667,-0.00436,16.44,15.65,16.06
2020-05-20,16.5,37198300.0,16.26,0.04364,16.58,15.7,15.81
2020-05-19,15.16,24387300.0,15.16333,-0.01173,15.69,14.64,15.34
2020-05-18,15.31,32223400.0,15.08667,0.03098,15.42,14.53,14.85
2020-05-15,13.85,25530400.0,13.70667,0.03281,14.07,13.2,13.41
2020-05-14,13.52,33336000.0,12.95333,0.10548,13.57,11.77,12.23
2020-05-13,12.68,35509500.0,13.00667,-0.08116,13.84,12.5,13.8
2020-05-12,13.84,25007700.0,14.22,-0.0655,15.01,13.81,14.81
2020-05-11,14.65,21285900.0,14.82,-0.03555,15.2,14.61,15.19
2020-05-08,15.59,23502800.0,15.39333,0.01696,15.71,14.88,15.33
2020-05-07,14.93,26180900.0,14.71,0.06643,15.24,13.96,14.0
2020-05-06,13.91,16904200.0,14.10667,-0.03201,14.55,13.86,14.37
2020-05-05,14.27,23022700.0,14.60667,-0.06732,15.32,14.23,15.3
2020-05-04,14.78,22999500.0,14.73,0.01651,15.38,14.03,14.54
2020-05-01,15.01,27992600.0,15.30333,-0.03535,15.99,14.91,15.56
2020-04-30,16.83,27893300.0,16.78333,-0.00649,17.31,16.21,16.94
2020-04-29,17.46,33001800.0,17.19,0.04426,17.63,16.48,16.72
2020-04-28,15.81,28916500.0,15.8,-0.04182,16.5,15.09,16.5
2020-04-27,15.23,30512300.0,14.94333,0.06877,15.5,14.1,14.25
2020-04-24,13.94,19165000.0,13.85667,0.0036,14.13,13.5,13.89
2020-04-23,13.78,24742600.0,13.81333,0.00437,14.04,13.62,13.72
2020-04-22,13.29,14067300.0,13.35667,-0.02135,13.64,13.14,13.58
2020-04-21,13.19,19203800.0,13.16,0.01384,13.5,12.79,13.01
2020-04-20,13.53,24091700.0,13.73,0.00595,14.31,13.35,13.45
2020-04-17,14.08,34046400.0,14.25333,-0.0544,14.94,13.74,14.89
2020-04-16,13.82,20950300.0,13.9,-0.02745,14.41,13.47,14.21
2020-04-15,14.42,20144900.0,14.36333,0.00139,14.66,14.01,14.4
2020-04-14,15.04,26957300.0,14.71667,0.04444,15.09,14.02,14.4
2020-04-13,13.91,30428500.0,14.03667,-0.06014,14.8,13.4,14.8
2020-04-09,14.55,40500600.0,15.01333,-0.10406,16.44,14.05,16.24
2020-04-08,15.0,30180100.0,14.71667,0.06308,15.28,13.87,14.11
2020-04-07,13.63,41110900.0,14.25333,-0.10152,15.73,13.4,15.17
2020-04-06,12.91,32889800.0,12.53333,0.10911,13.07,11.62,11.64
2020-04-03,10.58,37802700.0,10.85,-0.09262,11.97,10.0,11.66
2020-04-02,11.51,20579500.0,11.64,-0.00433,12.19,11.22,11.56
2020-04-01,11.77,30333300.0,11.53,0.06903,12.22,10.6,11.01
2020-03-31,11.8,25953600.0,11.91333,-0.01173,12.39,11.55,11.94
2020-03-30,11.53,32826800.0,11.46667,-0.00173,12.37,10.5,11.55
2020-03-27,12.19,37027000.0,12.42,-0.04392,12.97,12.1,12.75
2020-03-26,13.45,46143400.0,13.87333,0.01509,15.3,12.87,13.25
2020-03-25,12.95,53358000.0,13.09,-0.10381,14.72,11.6,14.45
2020-03-24,12.18,52043500.0,11.91333,0.06376,12.9,10.66,11.45
2020-03-23,9.15,31171300.0,9.29667,-0.05961,9.82,8.92,9.73
2020-03-20,9.11,56192300.0,9.64667,0.02475,11.16,8.67,8.89
2020-03-19,7.7,39224100.0,7.79667,0.07392,9.24,6.45,7.17
2020-03-18,7.14,47724000.0,7.35667,-0.20667,9.03,5.9,9.0
2020-03-17,9.55,31209800.0,9.85333,-0.12546,11.01,9.0,10.92
2020-03-16,10.25,32036600.0,11.51,-0.18,14.06,10.22,12.5
2020-03-13,15.44,41141600.0,15.43,-0.035,16.82,14.03,16.0
2020-03-12,15.26,34800100.0,15.89667,-0.07515,17.58,14.85,16.5
2020-03-11,18.08,47127600.0,18.64333,-0.1005,20.1,17.75,20.1
2020-03-10,20.79,43886300.0,20.03667,0.09942,21.42,17.9,18.91
2020-03-09,17.88,26213700.0,18.33,-0.03871,19.58,17.53,18.6
2020-03-06,20.39,19551100.0,20.44,0.03766,21.57,19.36,19.65
2020-03-05,20.6,22895800.0,21.22,-0.08566,22.62,20.44,22.53
2020-03-04,23.3,14876700.0,23.15333,-0.00935,23.69,22.47,23.52
2020-03-03,23.3,15690400.0,23.98,-0.06986,25.54,23.1,25.05
2020-03-02,25.05,15648000.0,24.45667,0.01829,25.06,23.26,24.6
2020-02-28,24.56,18396500.0,24.57667,-0.00888,25.27,23.9,24.78
2020-02-27,25.52,14395000.0,25.90333,-0.01846,27.06,25.13,26.0
2020-02-26,26.71,16980700.0,27.11667,-0.05014,28.17,26.47,28.12
2020-02-25,27.89,14198000.0,28.56667,-0.06878,30.06,27.75,29.95
2020-02-24,29.7,11664300.0,29.80333,-0.01296,30.23,29.48,30.09
2020-02-21,31.39,8036600.0,31.51,-0.01134,31.91,31.23,31.75
2020-02-20,32.34,6731800.0,32.13,0.01443,32.35,31.7,31.88
2020-02-19,32.09,6107000.0,32.13,-0.00496,32.35,31.95,32.25
2020-02-18,32.02,9385900.0,31.87,0.01522,32.09,31.5,31.54
2020-02-14,31.52,10274900.0,31.45333,-0.00849,31.85,30.99,31.79
2020-02-13,31.8,15763500.0,32.13667,-0.01395,33.01,31.6,32.25
2020-02-12,33.66,12411000.0,33.45333,0.02,33.78,32.92,33.0
2020-02-11,32.71,5504100.0,32.60333,0.0105,32.86,32.24,32.37
2020-02-10,32.11,5116700.0,31.82333,0.02785,32.14,31.22,31.24
2020-02-07,31.36,7201300.0,31.58667,-0.02,32.15,31.25,32.0
2020-02-06,32.48,4078400.0,32.56667,-0.00551,32.77,32.45,32.66
2020-02-05,32.37,3847500.0,32.47333,-0.00979,32.87,32.18,32.69
2020-02-04,32.25,5925100.0,32.07667,0.02219,32.43,31.55,31.55
2020-02-03,31.21,4918200.0,31.31667,-0.00256,31.66,31.08,31.29
2020-01-31,31.06,6999900.0,30.98,-0.00481,31.23,30.65,31.21
2020-01-30,31.3,6918000.0,31.21667,0.01656,31.67,30.68,30.79
2020-01-29,31.27,5923500.0,31.37,0.00096,31.72,31.12,31.24
2020-01-28,30.97,5531300.0,30.87667,0.01275,31.14,30.52,30.58
2020-01-27,30.35,8361000.0,30.21667,0.02881,30.8,29.5,29.5
2020-01-24,31.57,6878000.0,31.71,-0.02351,32.4,31.16,32.33
2020-01-23,32.32,7721200.0,31.95667,0.03292,32.4,31.15,31.29
2020-01-22,31.95,7372900.0,32.12667,-0.02084,32.69,31.74,32.63
2020-01-21,32.39,10123900.0,32.88333,-0.04313,33.89,32.37,33.85
2020-01-17,34.54,7306400.0,34.42,0.01261,34.64,34.08,34.11
2020-01-16,34.02,7146900.0,33.78667,0.02193,34.09,33.25,33.29
2020-01-15,33.09,3484900.0,33.17,-0.00301,33.36,33.06,33.19
2020-01-14,33.29,4582800.0,33.25667,-0.0009,33.38,33.1,33.32
2020-01-13,33.37,3680700.0,33.31333,0.00482,33.47,33.1,33.21
2020-01-10,33.21,3626700.0,33.29,-0.00836,33.56,33.1,33.49
2020-01-09,33.44,2176400.0,33.43333,0.0003,33.55,33.31,33.43
2020-01-08,33.24,4213400.0,33.23,0.0088,33.53,32.92,32.95
2020-01-07,32.91,3613900.0,32.85333,0.00366,32.91,32.74,32.79
2020-01-06,32.89,4060200.0,32.93,-0.00273,33.05,32.85,32.98
2020-01-03,33.29,3299300.0,33.27667,0.00241,33.43,33.11,33.21
2020-01-02,33.66,3466700.0,33.55,0.00418,33.7,33.29,33.52
2019-12-31,33.27,3674700.0,33.35333,0.0,33.58,33.21,33.27
2019-12-30,33.32,3824800.0,33.41,-0.00626,33.67,33.24,33.53
2019-12-27,33.59,3308400.0,33.66333,-0.00149,33.87,33.53,33.64
2019-12-26,33.53,2028800.0,33.51333,0.0006,33.58,33.43,33.51
2019-12-24,33.42,1057800.0,33.44667,-0.00179,33.56,33.36,33.48
2019-12-23,33.49,2726000.0,33.45,0.00269,33.6,33.26,33.4
2019-12-20,33.3,5135200.0,33.35333,-0.00686,33.53,33.23,33.53
2019-12-19,33.26,4379300.0,33.31,-0.0009,33.55,33.12,33.29
2019-12-18,33.26,4830200.0,33.26667,0.0009,33.47,33.07,33.23
2019-12-17,33.08,3401300.0,33.01333,0.00486,33.1,32.86,32.92
2019-12-16,32.95,5635700.0,32.91667,0.00061,33.07,32.73,32.93
2019-12-13,32.75,3618500.0,32.72667,0.00645,32.97,32.46,32.54
2019-12-12,32.54,5156600.0,32.47333,0.0115,32.78,32.1,32.17
2019-12-11,32.11,3645700.0,32.14333,-0.00093,32.3,32.02,32.14
2019-12-10,31.99,2342200.0,31.93,0.00597,32.06,31.74,31.8
2019-12-09,31.86,2954500.0,31.92,-0.00219,32.05,31.85,31.93
2019-12-06,32.17,3315700.0,32.13,0.005,32.23,31.99,32.01
2019-12-05,31.93,2594600.0,31.85667,0.00063,31.94,31.7,31.91
2019-12-04,31.77,3077600.0,31.78333,0.00379,31.93,31.65,31.65
2019-12-03,31.62,4346000.0,31.45333,0.01249,31.69,31.05,31.23
2019-12-02,31.96,3712900.0,32.0,-0.00312,32.15,31.89,32.06
2019-11-29,31.95,2028800.0,32.04,-0.00156,32.24,31.93,32.0
2019-11-27,32.18,3110700.0,32.13333,0.00468,32.24,31.98,32.03
2019-11-26,31.95,4420900.0,32.01333,-0.00622,32.19,31.9,32.15
2019-11-25,32.05,4050300.0,32.04667,-0.00125,32.13,31.96,32.09
2019-11-22,31.94,3240800.0,31.90667,0.00188,32.02,31.76,31.88
2019-11-21,31.7,4641400.0,31.78,-0.00845,32.04,31.6,31.97
2019-11-20,31.82,5256600.0,31.86667,0.00442,32.17,31.61,31.68
2019-11-19,31.81,4536000.0,31.77,0.00379,31.97,31.53,31.69
2019-11-18,31.53,4770400.0,31.41,0.01252,31.68,31.02,31.14
2019-11-15,31.18,5951800.0,31.18,-0.00383,31.34,31.02,31.3
2019-11-14,31.1,5151900.0,31.12667,0.0,31.39,30.89,31.1
2019-11-13,31.04,3860300.0,31.0,0.00258,31.2,30.76,30.96
2019-11-12,30.99,4157900.0,31.13,-0.01619,31.53,30.87,31.5
2019-11-11,31.44,4101600.0,31.32,0.00866,31.52,31.0,31.17
2019-11-08,31.41,5246900.0,31.22,0.01881,31.47,30.78,30.83
2019-11-07,30.82,6587600.0,30.84,-0.0042,31.16,30.54,30.95
2019-11-06,30.52,6718400.0,30.45,0.00428,30.62,30.21,30.39
2019-11-05,30.39,7196900.0,30.26667,0.01334,30.56,29.85,29.99
2019-11-04,29.77,6307400.0,29.56,0.02584,29.89,29.02,29.02
2019-11-01,28.83,4367700.0,28.67667,0.00488,28.85,28.35,28.69
2019-10-31,28.5,5807100.0,28.7,-0.00419,29.33,28.27,28.62
2019-10-30,28.63,6736700.0,28.53333,0.00315,28.87,28.1,28.54
2019-10-29,28.53,3934300.0,28.54667,-0.00696,28.75,28.36,28.73
2019-10-28,28.55,4313800.0,28.42667,0.01241,28.56,28.17,28.2
2019-10-25,28.15,3140100.0,28.23667,0.00214,28.5,28.06,28.09
2019-10-24,28.22,3135600.0,28.20667,0.0032,28.35,28.05,28.13
2019-10-23,28.03,3221400.0,27.91333,0.01301,28.2,27.51,27.67
2019-10-22,27.71,3425200.0,27.85333,-0.01353,28.17,27.68,28.09
2019-10-21,28.0,3642500.0,27.96333,-0.00285,28.19,27.7,28.08
2019-10-18,27.87,5476500.0,27.78333,0.00978,28.06,27.42,27.6
2019-10-17,27.64,5475700.0,27.65,0.00254,27.8,27.51,27.57
2019-10-16,27.43,8541000.0,27.54333,-0.01825,27.97,27.23,27.94
2019-10-15,27.87,7483100.0,27.95,-0.00393,28.12,27.86,27.98
2019-10-14,27.97,5453200.0,27.84333,0.00575,27.98,27.58,27.81
2019-10-11,28.08,5196900.0,28.10667,0.00681,28.39,27.85,27.89
2019-10-10,27.43,5937500.0,27.25667,0.02122,27.62,26.72,26.86
2019-10-09,26.8,2969800.0,26.79667,0.01018,27.06,26.53,26.53
2019-10-08,26.35,4946000.0,26.60667,-0.02335,27.17,26.3,26.98
2019-10-07,27.25,4405300.0,27.2,0.00368,27.48,26.87,27.15
2019-10-04,27.29,2740100.0,27.23333,0.00037,27.41,27.0,27.28
2019-10-03,27.25,5063200.0,27.03,0.00554,27.34,26.5,27.1
2019-10-02,27.11,7143600.0,27.28333,-0.01346,27.66,27.08,27.48
2019-10-01,27.68,4006900.0,27.79667,-0.00753,28.29,27.42,27.89
2019-09-30,27.72,4607300.0,27.67,0.01168,27.97,27.32,27.4
2019-09-27,27.27,4152400.0,27.51667,-0.02153,28.11,27.17,27.87
2019-09-26,27.68,5208000.0,27.71,-0.0146,28.13,27.32,28.09
2019-09-25,28.27,2873200.0,28.24667,-0.00282,28.44,28.03,28.35
2019-09-24,28.4,5109100.0,28.48333,-0.01526,28.9,28.15,28.84
2019-09-23,28.62,3100700.0,28.69333,-0.00035,28.95,28.51,28.63
2019-09-20,28.85,6673000.0,28.95667,-0.00961,29.3,28.72,29.13
2019-09-19,29.06,3744800.0,29.26,-0.01658,29.73,28.99,29.55
2019-09-18,29.51,5854600.0,29.48667,-0.00135,29.7,29.25,29.55
2019-09-17,29.6,5830500.0,29.53,0.00203,29.74,29.25,29.54
2019-09-16,29.69,13569500.0,29.60667,0.02912,30.5,28.63,28.85
2019-09-13,29.07,4672800.0,29.21,-0.00853,29.53,29.03,29.32
2019-09-12,29.17,8420700.0,29.06,0.0083,29.26,28.75,28.93
2019-09-11,28.75,5380700.0,28.84333,-0.01271,29.21,28.57,29.12
2019-09-10,28.8,9692500.0,28.55,0.01803,28.82,28.03,28.29
2019-09-09,28.4,6097800.0,28.53,-0.00211,28.82,28.37,28.46
2019-09-06,28.3,5756100.0,28.29333,0.00963,28.56,28.02,28.03
2019-09-05,27.98,9052900.0,27.99333,0.00756,28.36,27.64,27.77
2019-09-04,27.48,10889100.0,27.45667,0.0,27.79,27.1,27.48
2019-09-03,27.09,7849800.0,27.21,-0.02202,27.75,26.79,27.7
2019-08-30,28.06,4770900.0,28.18,-0.00988,28.48,28.0,28.34
2019-08-29,28.15,3841300.0,28.30333,-0.00985,28.64,28.12,28.43
2019-08-28,28.14,3048600.0,28.01,0.01479,28.27,27.62,27.73
2019-08-27,27.89,3112000.0,28.07667,-0.01968,28.51,27.83,28.45
2019-08-26,28.04,3111300.0,27.99667,-0.00178,28.18,27.77,28.09
2019-08-23,27.78,4913400.0,28.01333,-0.02526,28.64,27.62,28.5
2019-08-22,28.51,3774100.0,28.60667,-0.01007,29.02,28.29,28.8
2019-08-21,28.51,2702500.0,28.74667,-0.02363,29.25,28.48,29.2
2019-08-20,28.81,2320100.0,28.72667,0.00664,28.93,28.44,28.62
2019-08-19,28.77,5527900.0,28.87333,-0.01304,29.17,28.68,29.15
2019-08-16,28.31,4222100.0,28.27,0.00497,28.4,28.1,28.17
2019-08-15,27.93,3942400.0,27.92667,-0.00321,28.14,27.71,28.02
2019-08-14,27.74,6626700.0,27.92333,-0.02083,28.44,27.59,28.33
2019-08-13,28.86,4541000.0,28.97,0.01405,29.63,28.42,28.46
2019-08-12,28.43,3410300.0,28.46333,-0.0007,28.67,28.29,28.45
2019-08-09,28.85,3289600.0,28.77333,0.00593,29.0,28.47,28.68
2019-08-08,28.9,4786800.0,28.73333,0.01404,28.92,28.38,28.5
2019-08-07,28.27,5318600.0,28.06333,0.02021,28.32,27.6,27.71
2019-08-06,28.23,5053900.0,28.22667,0.00142,28.51,27.94,28.19
2019-08-05,27.94,7889900.0,27.90333,0.00143,28.11,27.66,27.9
2019-08-02,28.65,5388200.0,28.78667,-0.00486,29.3,28.41,28.79
2019-08-01,29.4,6295000.0,29.63,-0.02,30.45,29.04,30.0
2019-07-31,30.02,4039100.0,30.04667,-0.01347,30.48,29.64,30.43
2019-07-30,30.55,5422000.0,30.41,0.01092,30.63,30.05,30.22
2019-07-29,30.47,5115600.0,30.34,-0.00197,30.6,29.95,30.53
2019-07-26,30.47,12595700.0,30.78667,0.00395,31.68,30.21,30.35
2019-07-25,29.37,5650900.0,29.39667,0.0,29.69,29.13,29.37
2019-07-24,29.71,6505300.0,29.45,0.02767,29.75,28.89,28.91
2019-07-23,29.2,6455600.0,28.99667,0.02205,29.32,28.47,28.57
2019-07-22,28.35,5922200.0,28.43667,-0.00839,28.69,28.27,28.59
2019-07-19,28.59,3677900.0,28.74667,-0.01278,29.08,28.57,28.96
2019-07-18,28.76,6284600.0,28.60333,0.01841,28.93,28.12,28.24
2019-07-17,28.86,4406600.0,28.96,-0.01636,29.34,28.68,29.34
2019-07-16,29.41,3400700.0,29.47,-0.00068,29.69,29.31,29.43
2019-07-15,29.38,3819100.0,29.3,0.01241,29.5,29.02,29.02
2019-07-12,29.02,4653400.0,28.92,0.00764,29.06,28.68,28.8
2019-07-11,28.79,4784300.0,28.95333,-0.01065,29.33,28.74,29.1
2019-07-10,29.13,5155500.0,29.18,-0.0058,29.46,28.95,29.3
2019-07-09,29.23,4614200.0,29.06,0.01776,29.25,28.7,28.72
2019-07-08,28.9,4444300.0,28.97,-0.00448,29.17,28.84,29.03
2019-07-05,29.23,4730500.0,29.06333,0.0174,29.26,28.7,28.73
2019-07-03,28.89,2692500.0,28.96,-0.00173,29.19,28.8,28.94
2019-07-02,28.88,4185100.0,28.84667,0.00592,28.99,28.67,28.71
2019-07-01,28.69,7299000.0,28.84,-0.01646,29.3,28.53,29.17
2019-06-28,28.57,5642500.0,28.42333,0.00883,28.58,28.12,28.32
2019-06-27,28.44,4087800.0,28.27667,0.01571,28.51,27.88,28.0
2019-06-26,27.87,5078100.0,27.92667,0.00324,28.13,27.78,27.78
2019-06-25,27.62,5038200.0,27.65333,-0.01039,28.04,27.3,27.91
2019-06-24,27.92,6603700.0,28.06333,0.00722,28.58,27.69,27.72
2019-06-21,27.7,5091900.0,27.84,-0.00823,28.13,27.69,27.93
2019-06-20,28.01,5370700.0,28.06,-0.00603,28.5,27.67,28.18
2019-06-19,27.74,5238900.0,27.88333,-0.01561,28.29,27.62,28.18
2019-06-18,28.22,5430000.0,28.17667,0.01401,28.58,27.73,27.83
2019-06-17,27.55,3504600.0,27.59333,-0.00434,27.87,27.36,27.67
2019-06-14,27.66,4176700.0,27.58667,-0.00072,27.76,27.34,27.68
2019-06-13,27.72,4865400.0,27.78333,-0.00574,28.06,27.57,27.88
2019-06-12,27.7,4795800.0,27.75,-0.0061,28.03,27.52,27.87
2019-06-11,27.97,7279900.0,27.91667,0.01157,28.13,27.65,27.65
2019-06-10,27.42,7882300.0,27.27,0.02967,27.85,26.54,26.63
2019-06-07,26.28,7088500.0,26.34333,-0.0019,26.62,26.13,26.33
2019-06-06,26.49,8572000.0,26.35667,0.02081,26.67,25.91,25.95
2019-06-05,25.96,7048400.0,25.78667,0.00426,26.03,25.37,25.85
2019-06-04,25.64,8920600.0,25.11667,0.06038,25.66,24.05,24.18
2019-06-03,23.87,10844400.0,24.15667,-0.03944,24.92,23.68,24.85
2019-05-31,24.82,6058600.0,24.93333,-0.00401,25.2,24.78,24.92
2019-05-30,25.34,3610700.0,25.34,-0.00079,25.57,25.11,25.36
2019-05-29,25.36,5470900.0,25.30333,0.00795,25.55,25.0,25.16
2019-05-28,25.32,3999800.0,25.49,-0.01708,25.83,25.32,25.76
2019-05-24,25.54,2517000.0,25.5,0.00157,25.67,25.29,25.5
2019-05-23,25.37,3876200.0,25.39,-0.00627,25.67,25.13,25.53
2019-05-22,25.82,4647400.0,25.79333,0.00899,26.07,25.49,25.59
2019-05-21,25.78,4707000.0,25.77333,0.01058,26.04,25.5,25.51
2019-05-20,25.35,7582800.0,25.26,-0.00471,25.49,24.94,25.47
2019-05-17,25.89,7548900.0,26.05333,-0.00994,26.46,25.81,26.15
2019-05-16,26.53,8569500.0,26.45333,0.01182,26.66,26.17,26.22
2019-05-15,26.1,5713600.0,25.94667,0.01596,26.37,25.37,25.69
2019-05-14,25.93,6853300.0,25.77,0.01806,26.07,25.31,25.47
2019-05-13,25.36,10239600.0,25.21,0.01278,25.52,24.75,25.04
2019-05-10,25.63,7783100.0,25.47,0.01868,25.79,24.99,25.16
2019-05-09,25.55,8296200.0,25.37,0.01389,25.71,24.85,25.2
2019-05-08,25.67,11590300.0,25.41667,0.03425,25.76,24.82,24.82
2019-05-07,24.87,6398200.0,24.94667,-0.02048,25.39,24.58,25.39
2019-05-06,25.5,6209000.0,25.42667,0.00394,25.66,25.12,25.4
2019-05-03,25.99,7548400.0,25.85,0.01128,26.02,25.54,25.7
2019-05-02,25.67,9012900.0,25.74,-0.00465,26.14,25.41,25.79
2019-05-01,25.84,8403600.0,26.2,-0.03582,26.95,25.81,26.8
2019-04-30,26.63,17075400.0,26.90333,-0.02952,27.7,26.38,27.44
2019-04-29,28.6,9537800.0,28.51667,0.00563,28.78,28.17,28.44
2019-04-26,28.31,5969800.0,28.19,0.01579,28.51,27.75,27.87
2019-04-25,27.75,4074000.0,27.67667,0.00181,27.82,27.46,27.7
2019-04-24,27.79,4183300.0,27.7,0.01312,27.94,27.37,27.43
2019-04-23,27.51,3227900.0,27.41333,0.01028,27.56,27.17,27.23
2019-04-22,27.2,3474500.0,27.22333,-0.00476,27.36,27.11,27.33
2019-04-18,27.52,4296300.0,27.53333,-0.00326,27.78,27.3,27.61
2019-04-17,27.56,5755200.0,27.66333,-0.00505,27.94,27.49,27.7
2019-04-16,27.44,9292200.0,27.41667,0.00476,27.59,27.22,27.31
2019-04-15,27.28,4258900.0,27.19333,-0.00256,27.44,26.86,27.35
2019-04-12,27.35,5230400.0,27.31333,0.00367,27.6,26.99,27.25
2019-04-11,26.94,3623800.0,26.89,0.00522,27.02,26.71,26.8
2019-04-10,26.64,5456500.0,26.64,0.00528,26.86,26.42,26.5
2019-04-09,26.48,7521000.0,26.74667,-0.0311,27.37,26.39,27.33
2019-04-08,27.56,4090500.0,27.48333,0.00218,27.61,27.28,27.5
2019-04-05,27.44,5262800.0,27.38,0.00697,27.61,27.09,27.25
2019-04-04,27.15,4033400.0,27.06667,0.0037,27.17,26.88,27.05
2019-04-03,27.0,8058300.0,27.04,0.00634,27.32,26.8,26.83
2019-04-02,26.77,4595100.0,26.66667,0.00488,26.85,26.38,26.64
2019-04-01,26.59,8150700.0,26.45,0.02073,26.73,26.03,26.05
2019-03-29,25.66,7182100.0,25.74,-0.00117,26.07,25.49,25.69
2019-03-28,25.46,8125000.0,25.44667,0.01759,25.86,25.02,25.02
2019-03-27,25.0,8953500.0,25.21333,-0.02913,25.78,24.86,25.75
2019-03-26,25.78,5327100.0,25.82333,-0.00271,26.13,25.56,25.85
2019-03-25,25.75,6357700.0,25.96333,-0.01114,26.41,25.73,26.04
2019-03-22,26.09,5681400.0,26.26667,-0.02285,26.74,25.97,26.7
2019-03-21,26.9,6258200.0,26.65,0.03026,26.96,26.09,26.11
2019-03-20,26.25,4932200.0,26.31,-0.00906,26.69,25.99,26.49
2019-03-19,26.57,4775100.0,26.63,0.00454,26.99,26.33,26.45
2019-03-18,26.25,4902500.0,26.15333,0.00729,26.27,25.94,26.06
2019-03-15,26.02,9894900.0,26.32,-0.02291,26.96,25.98,26.63
2019-03-14,26.45,3976300.0,26.45333,-0.00377,26.71,26.2,26.55
2019-03-13,26.57,4187800.0,26.71,-0.0071,27.0,26.56,26.76
2019-03-12,26.61,3342200.0,26.61667,-0.00075,26.76,26.48,26.63
2019-03-11,26.57,5744500.0,26.51667,-0.00038,26.77,26.21,26.58
2019-03-08,26.5,6514600.0,26.32667,0.01184,26.52,25.96,26.19
2019-03-07,26.45,7519000.0,26.45667,-0.01782,26.93,25.99,26.93
2019-03-06,26.97,5524600.0,27.12,-0.00443,27.42,26.97,27.09
2019-03-05,26.89,4479300.0,26.89,0.0,27.06,26.72,26.89
2019-03-04,26.84,5105900.0,26.88,-0.0085,27.26,26.54,27.07
2019-03-01,26.98,6644900.0,26.9,-0.00296,27.11,26.61,27.06
2019-02-28,26.75,9752500.0,26.71667,-0.01109,27.05,26.35,27.05
2019-02-27,27.16,4897500.0,27.27333,-0.01523,27.58,27.08,27.58
2019-02-26,27.68,8362800.0,27.72667,0.00217,27.95,27.55,27.62
2019-02-25,27.7,7331600.0,27.93,-0.01071,28.4,27.69,28.0
2019-02-22,27.71,11864500.0,27.85333,-0.02498,28.47,27.38,28.42
2019-02-21,28.35,10808900.0,28.47,-0.01733,28.9,28.16,28.85
2019-02-20,28.81,8659100.0,28.70333,0.01088,28.9,28.4,28.5
2019-02-19,28.47,6902100.0,28.49667,0.0053,28.76,28.26,28.32
2019-02-15,28.21,13098200.0,27.99667,0.02284,28.39,27.39,27.58
2019-02-14,27.37,25148700.0,27.48,-0.00761,28.06,27.01,27.58
2019-02-13,29.23,8636400.0,29.13667,0.00481,29.28,28.9,29.09
2019-02-12,28.87,7703800.0,29.00667,-0.01096,29.36,28.79,29.19
2019-02-11,28.99,9964100.0,28.95333,-0.00583,29.22,28.65,29.16
2019-02-08,28.97,4558300.0,28.80667,0.01152,28.98,28.47,28.64
2019-02-07,28.9,5161800.0,28.94,-0.01533,29.4,28.52,29.35
2019-02-06,29.61,5241200.0,29.57667,0.00135,29.8,29.32,29.57
2019-02-05,29.51,5837100.0,29.51,0.0,29.8,29.22,29.51
2019-02-04,29.55,5637300.0,29.61667,-0.00672,29.84,29.46,29.75
2019-02-01,29.75,12104300.0,29.8,0.01053,30.21,29.44,29.44
2019-01-31,29.44,8718600.0,29.31,0.0065,29.56,28.93,29.25
2019-01-30,28.99,7548200.0,28.78667,0.01046,29.03,28.34,28.69
2019-01-29,28.36,6452600.0,28.47333,-0.00804,28.78,28.28,28.59
2019-01-28,28.46,11141800.0,28.44,0.00565,28.74,28.12,28.3
2019-01-25,28.7,9110800.0,28.51,0.01593,28.73,28.1,28.25
2019-01-24,27.89,11511200.0,28.15,-0.00464,28.74,27.82,28.02
2019-01-23,27.81,10284900.0,27.85667,-0.00179,28.11,27.65,27.86
2019-01-22,27.87,9169500.0,27.94667,-0.01866,28.41,27.56,28.4
2019-01-18,28.56,13682800.0,28.28667,0.01782,28.62,27.68,28.06
2019-01-17,27.74,6311700.0,27.63333,0.02098,27.99,27.17,27.17
2019-01-16,27.48,4813500.0,27.56667,0.00622,27.92,27.3,27.31
2019-01-15,27.34,8127400.0,27.41667,-0.00942,27.83,27.08,27.6
2019-01-14,27.4,6391600.0,27.54667,-0.00832,27.89,27.35,27.63
2019-01-11,28.0,8963100.0,27.94667,0.00719,28.15,27.69,27.8
2019-01-10,28.0,19197900.0,28.07333,0.02004,28.95,27.27,27.45
2019-01-09,27.61,12290600.0,27.62,0.01025,27.94,27.31,27.33
2019-01-08,27.21,9039100.0,26.94333,0.00815,27.27,26.35,26.99
2019-01-07,26.51,9521000.0,26.23333,0.02395,26.72,25.47,25.89
2019-01-04,25.77,11818400.0,25.72667,0.01218,26.05,25.36,25.46
2019-01-03,24.7,9653500.0,25.02333,-0.03891,25.8,24.57,25.7
2019-01-02,25.19,8980800.0,24.75333,0.05618,25.39,23.68,23.85
2018-12-31,24.26,6158900.0,24.02667,0.01634,24.26,23.56,23.87
2018-12-28,23.73,10059000.0,23.84667,-0.00753,24.31,23.5,23.91
2018-12-27,23.74,13074000.0,23.37667,0.04306,23.74,22.65,22.76
2018-12-26,23.2,12890300.0,22.67333,0.05647,23.2,21.62,21.96
2018-12-24,21.84,5398600.0,21.94667,-0.0131,22.36,21.64,22.13
2018-12-21,22.38,15370000.0,22.72,-0.04481,23.64,22.14,23.43
2018-12-20,23.52,15510800.0,23.78,-0.02244,24.53,23.29,24.06
2018-12-19,24.51,8822600.0,25.03333,-0.0511,26.22,24.37,25.83
2018-12-18,25.71,6164700.0,25.79667,-0.00925,26.24,25.44,25.95
2018-12-17,25.61,6577200.0,25.84333,-0.02661,26.46,25.46,26.31
2018-12-14,26.46,4657900.0,26.5,0.00723,26.94,26.1,26.27
2018-12-13,26.64,6078900.0,26.79,-0.01878,27.26,26.47,27.15
2018-12-12,26.87,9935300.0,26.69,0.02753,27.14,26.06,26.15
2018-12-11,25.63,12520400.0,26.04667,-0.03356,26.91,25.6,26.52
2018-12-10,25.82,11409400.0,25.91333,-0.00692,26.43,25.49,26.0
2018-12-07,25.99,9749200.0,26.47667,-0.04378,27.56,25.88,27.18
2018-12-06,27.42,9349200.0,26.91667,0.04338,27.42,25.91,26.28
2018-12-04,27.0,7980500.0,27.31333,-0.02878,28.02,26.92,27.8
2018-12-03,28.02,14702900.0,27.97333,0.00071,28.21,27.69,28.0
2018-11-30,26.96,7872900.0,27.01,-0.00992,27.33,26.74,27.23
2018-11-29,27.32,5681200.0,27.30333,-0.0105,27.7,26.89,27.61
2018-11-28,27.78,6313100.0,27.54667,0.00108,27.99,26.87,27.75
2018-11-27,27.43,10398800.0,27.27,0.02046,27.52,26.86,26.88
2018-11-26,27.11,8379100.0,26.88,0.02728,27.26,26.27,26.39
2018-11-23,25.81,2567900.0,25.88667,-0.00155,26.1,25.75,25.85
2018-11-21,26.06,5797300.0,25.99,0.02196,26.49,25.42,25.5
2018-11-20,25.11,7144900.0,24.99,-0.0004,25.26,24.6,25.12
2018-11-19,25.67,6671700.0,25.98667,-0.03533,26.72,25.57,26.61
2018-11-16,26.58,6473900.0,26.47667,0.01528,26.76,26.09,26.18
2018-11-15,26.4,5721400.0,26.10333,0.01852,26.42,25.49,25.92
2018-11-14,25.94,8332900.0,26.11667,-0.00307,26.65,25.76,26.02
2018-11-13,25.73,6196500.0,25.75333,0.011,26.11,25.42,25.45
2018-11-12,25.18,9791100.0,25.29333,-0.00983,25.6,25.1,25.43
2018-11-09,25.54,9697500.0,25.99,-0.0438,26.98,25.45,26.71
2018-11-08,26.95,7639900.0,26.96667,0.0124,27.37,26.58,26.62
2018-11-07,27.93,6444300.0,27.77,0.01122,28.04,27.34,27.62
2018-11-06,27.38,5011000.0,27.48667,-0.00073,27.88,27.2,27.4
2018-11-05,27.62,5296700.0,27.79333,-0.0223,28.25,27.51,28.25
2018-11-02,28.17,6491600.0,28.16667,-0.00389,28.56,27.77,28.28
2018-11-01,27.9,10815300.0,27.57,0.04808,28.23,26.58,26.62
2018-10-31,26.68,14945800.0,26.48,0.03813,27.09,25.67,25.7
2018-10-30,25.19,12584400.0,24.73333,0.04827,25.2,23.81,24.03
2018-10-29,24.23,8771400.0,24.52,-0.03773,25.46,23.87,25.18
2018-10-26,24.94,8665800.0,24.84,0.00362,25.29,24.29,24.85
2018-10-25,25.3,10005500.0,25.02667,0.03646,25.38,24.4,24.41
2018-10-24,24.21,11208900.0,24.61,-0.04157,25.45,24.17,25.26
2018-10-23,25.32,11379600.0,25.18333,-0.00628,25.62,24.61,25.48
2018-10-22,26.1,5925800.0,26.38667,-0.02938,26.98,26.08,26.89
2018-10-19,26.65,8801000.0,26.86667,-0.01442,27.54,26.41,27.04
2018-10-18,27.33,6381000.0,27.53333,-0.02113,28.06,27.21,27.92
2018-10-17,27.92,9112600.0,27.84,0.01453,28.45,27.15,27.52
2018-10-16,27.61,6856000.0,27.37667,0.01732,27.7,26.82,27.14
2018-10-15,26.79,8051900.0,26.70333,0.01747,27.1,26.22,26.33
2018-10-12,26.45,8052200.0,26.37,-0.00489,26.67,25.99,26.58
2018-10-11,25.95,12023200.0,26.14667,-0.00765,26.79,25.7,26.15
2018-10-10,26.23,15582400.0,26.56,-0.03778,27.34,26.11,27.26
2018-10-09,27.34,11563100.0,27.08667,0.02782,27.49,26.43,26.6
2018-10-08,26.47,7526300.0,26.28333,0.02122,26.53,25.85,25.92
2018-10-05,26.24,10992500.0,26.53333,-0.02851,27.45,25.91,27.01
2018-10-04,26.91,6422000.0,27.02667,-0.02074,27.57,26.6,27.48
2018-10-03,27.53,6078800.0,27.50333,0.01662,27.93,27.05,27.08
2018-10-02,26.82,5952500.0,26.93667,0.00262,27.27,26.72,26.75
2018-10-01,26.93,10766800.0,27.27,-0.0358,27.98,26.9,27.93
2018-09-28,27.91,8959700.0,27.89333,0.01123,28.19,27.58,27.6
2018-09-27,27.72,7719800.0,27.63333,0.0091,27.92,27.26,27.47
2018-09-26,27.6,4699300.0,27.7,-0.01004,27.98,27.52,27.88
2018-09-25,27.87,4577800.0,27.81,-0.00179,27.96,27.6,27.92
2018-09-24,27.91,5398400.0,28.03,-0.00993,28.28,27.9,28.19
2018-09-21,28.49,8933300.0,28.58333,-0.0087,28.84,28.42,28.74
2018-09-20,28.53,5900000.0,28.53667,-0.00175,28.83,28.25,28.58
2018-09-19,28.37,8616600.0,28.31,0.00889,28.53,28.03,28.12
2018-09-18,27.59,4659400.0,27.48667,0.00254,27.78,27.09,27.52
2018-09-17,27.42,4619500.0,27.57333,-0.01509,27.96,27.34,27.84
2018-09-14,27.68,6393100.0,27.76333,-0.00931,28.16,27.45,27.94
2018-09-13,27.48,7962700.0,27.47333,0.01477,27.86,27.08,27.08
2018-09-12,27.26,10159100.0,27.01,0.02674,27.36,26.41,26.55
2018-09-11,26.93,10786200.0,26.76333,0.01127,27.05,26.31,26.63
2018-09-10,26.95,13850100.0,26.89667,0.00298,27.1,26.64,26.87
2018-09-07,26.75,8771800.0,26.75333,0.00037,27.04,26.47,26.74
2018-09-06,27.0,11254200.0,27.17667,-0.02067,27.7,26.83,27.57
2018-09-05,27.66,8050000.0,27.57333,-0.00539,27.84,27.22,27.81
2018-09-04,27.96,10440200.0,28.19333,-0.02578,28.78,27.84,28.7
2018-08-31,28.99,6078300.0,28.98667,0.0073,29.33,28.64,28.78
2018-08-30,28.88,5362000.0,29.11333,-0.02465,29.63,28.83,29.61
2018-08-29,29.6,10271400.0,29.47667,0.01335,30.01,28.82,29.21
2018-08-28,29.16,3207400.0,29.15333,-0.00376,29.38,28.92,29.27
2018-08-27,29.23,8254200.0,29.18,0.0167,29.56,28.75,28.75
2018-08-24,28.5,4465800.0,28.57333,-0.00489,28.81,28.41,28.64
2018-08-23,28.55,5723900.0,28.66,-0.01143,29.02,28.41,28.88
2018-08-22,28.83,4295700.0,28.93667,-0.00962,29.19,28.79,29.11
2018-08-21,29.01,8386700.0,28.92333,0.00764,29.12,28.64,28.79
2018-08-20,28.58,6864800.0,28.55667,-0.00383,28.79,28.3,28.69
2018-08-17,28.55,8581400.0,28.41333,0.01026,28.66,28.03,28.26
2018-08-16,28.28,5462800.0,28.47,-0.00876,28.92,28.21,28.53
2018-08-15,28.37,8535800.0,28.36333,-0.00665,28.62,28.1,28.56
2018-08-14,28.98,5285900.0,28.92,-0.00275,29.1,28.68,29.06
2018-08-13,29.03,6980500.0,29.00333,0.00974,29.27,28.71,28.75
2018-08-10,28.86,7741900.0,28.82333,-0.00448,29.04,28.57,28.99
2018-08-09,29.11,6084100.0,29.21667,0.00172,29.49,29.05,29.06
2018-08-08,28.95,14881100.0,29.26333,-0.01964,29.92,28.92,29.53
2018-08-07,29.63,11813200.0,29.67333,0.00782,30.09,29.3,29.4
2018-08-06,29.33,11043700.0,28.92,0.0353,29.4,28.03,28.33
2018-08-03,28.53,15152900.0,28.61667,-0.01246,28.9,28.42,28.89
2018-08-02,28.97,41271800.0,28.30333,0.06979,29.09,26.85,27.08
2018-08-01,28.51,30729600.0,29.37333,-0.08797,31.38,28.23,31.26
2018-07-31,31.37,19673200.0,31.29,0.00998,31.66,30.84,31.06
2018-07-30,30.77,6567400.0,30.85,0.00163,31.14,30.64,30.72
2018-07-27,30.72,6695100.0,30.93667,-0.02445,31.59,30.5,31.49
2018-07-26,31.22,6389500.0,31.15667,0.0097,31.41,30.84,30.92
2018-07-25,31.52,8191800.0,31.3,0.01026,31.55,30.83,31.2
2018-07-24,30.77,7958600.0,30.97333,-0.01787,31.54,30.61,31.33
2018-07-23,30.97,3940300.0,30.98333,-0.00642,31.23,30.75,31.17
2018-07-20,31.2,10371800.0,31.01333,0.01596,31.3,30.54,30.71
2018-07-19,30.82,7096400.0,30.75667,-0.00032,30.96,30.49,30.83
2018-07-18,31.02,8120100.0,31.10333,-0.00736,31.38,30.91,31.25
2018-07-17,31.25,11232500.0,31.19,0.00806,31.44,30.88,31.0
2018-07-16,31.12,10424700.0,31.02667,0.00387,31.2,30.76,31.0
2018-07-13,30.95,9606300.0,30.70667,0.01177,31.0,30.17,30.59
2018-07-12,30.5,8607400.0,30.29,0.00594,30.53,29.84,30.32
2018-07-11,29.89,7087800.0,29.81333,0.01494,30.1,29.45,29.45
2018-07-10,29.93,8528400.0,29.78667,0.01423,30.08,29.35,29.51
2018-07-09,29.46,5561700.0,29.32,0.00034,29.46,29.04,29.45
2018-07-06,28.97,5859700.0,28.75667,0.02295,29.05,28.25,28.32
2018-07-05,28.41,7308800.0,28.25333,0.01247,28.47,27.88,28.06
2018-07-03,27.98,5212200.0,28.16333,-0.00886,28.62,27.89,28.23
2018-07-02,28.16,15410200.0,28.18667,-0.00106,28.43,27.97,28.19
2018-06-29,29.03,12614900.0,28.95333,0.01468,29.38,28.45,28.61
2018-06-28,28.38,8555800.0,28.25,-0.0007,28.47,27.9,28.4
2018-06-27,28.37,10263000.0,28.67,-0.02709,29.28,28.36,29.16
2018-06-26,29.16,8641500.0,29.07333,0.0118,29.41,28.65,28.82
2018-06-25,29.27,9597500.0,29.41,-0.01844,30.02,28.94,29.82
2018-06-22,30.07,9180400.0,30.26667,-0.01828,30.72,30.01,30.63
2018-06-21,30.31,7988800.0,30.35,-0.00883,30.6,30.14,30.58
2018-06-20,30.54,14759300.0,30.41,0.0126,30.65,30.04,30.16
2018-06-19,29.91,17126600.0,30.27,-0.03141,31.09,29.81,30.88
2018-06-18,31.32,4685000.0,31.20333,0.01097,31.45,30.84,30.98
2018-06-15,31.23,9223200.0,31.19,0.00128,31.35,30.99,31.19
2018-06-14,31.43,5650600.0,31.34,0.00834,31.57,31.02,31.17
2018-06-13,30.95,8341500.0,31.07,-0.01652,31.48,30.78,31.47
2018-06-12,31.64,11046900.0,31.77333,-0.00315,32.13,31.55,31.74
2018-06-11,31.59,14202900.0,31.42,0.02233,31.8,30.87,30.9
2018-06-08,30.78,13892100.0,31.01333,-0.01975,31.54,30.72,31.4
2018-06-07,31.35,8915200.0,31.39,-0.00159,31.62,31.2,31.4
2018-06-06,31.55,11613300.0,31.28333,0.0184,31.65,30.65,30.98
2018-06-05,30.86,11422100.0,31.07,-0.01437,31.55,30.8,31.31
2018-06-04,31.54,6645600.0,31.64667,-0.01438,32.0,31.4,32.0
2018-06-01,31.79,7222700.0,31.78333,0.0121,32.18,31.38,31.41
2018-05-31,31.45,10258400.0,31.62667,-0.01933,32.07,31.36,32.07
2018-05-30,31.89,6181300.0,31.79333,0.01335,32.02,31.47,31.47
2018-05-29,31.3,5951400.0,31.32667,-0.00064,31.65,31.03,31.32
2018-05-25,31.45,3896100.0,31.33,0.00801,31.63,30.91,31.2
2018-05-24,31.32,6253300.0,31.32667,-0.01074,31.7,30.96,31.66
2018-05-23,31.6,7249400.0,31.47,0.00958,31.65,31.16,31.3
2018-05-22,31.58,6196200.0,31.76,-0.01528,32.18,31.52,32.07
2018-05-21,32.01,7246700.0,32.3,-0.0196,32.88,32.01,32.65
2018-05-18,32.34,7202000.0,32.30667,0.00622,32.5,32.08,32.14
2018-05-17,32.18,10539400.0,32.18,0.00468,32.56,31.8,32.03
2018-05-16,31.92,7587100.0,31.87,0.00599,32.11,31.58,31.73
2018-05-15,31.73,9551300.0,31.91333,-0.01886,32.36,31.65,32.34
2018-05-14,32.32,19863100.0,32.33,0.00905,32.91,31.76,32.03
2018-05-11,31.8,16851600.0,32.28,-0.04505,33.3,31.74,33.3
2018-05-10,33.37,11667100.0,33.32,0.01183,33.68,32.91,32.98
2018-05-09,32.9,11542400.0,32.62333,0.02397,32.97,32.0,32.13
2018-05-08,32.06,8342300.0,31.85667,0.01875,32.06,31.45,31.47
2018-05-07,31.61,8461400.0,31.68667,-0.01373,32.13,31.32,32.05
2018-05-04,31.86,8715200.0,31.68667,0.02115,32.15,31.05,31.2
2018-05-03,31.28,8178400.0,31.1,0.0,31.35,30.67,31.28
2018-05-02,31.22,8836400.0,31.38,-0.00064,31.79,31.13,31.24
2018-05-01,31.4,11191400.0,31.29667,-0.00349,31.66,30.83,31.51
2018-04-30,31.42,13349400.0,31.48333,0.00932,31.9,31.13,31.13
2018-04-27,31.28,19221400.0,31.43667,-0.02736,32.31,30.72,32.16
2018-04-26,32.29,37019900.0,32.56,-0.03091,33.65,31.74,33.32
2018-04-25,35.33,7503200.0,35.18667,-0.00339,35.53,34.7,35.45
2018-04-24,35.52,8368500.0,35.85667,-0.02525,36.73,35.32,36.44
2018-04-23,36.17,9774200.0,36.08,0.01345,36.51,35.56,35.69
2018-04-20,35.44,5153400.0,35.45667,-0.00393,35.66,35.27,35.58
2018-04-19,35.56,10344700.0,35.83,-0.02361,36.52,35.41,36.42
2018-04-18,36.41,7470100.0,36.46,0.00248,36.8,36.17,36.32
2018-04-17,36.11,6874400.0,35.78333,0.02585,36.2,35.04,35.2
2018-04-16,34.77,6200700.0,34.8,0.00202,35.18,34.45,34.7
2018-04-13,34.4,5985200.0,34.71667,-0.02632,35.47,34.28,35.33
2018-04-12,34.93,16895200.0,34.75,0.03313,35.67,33.65,33.81
2018-04-11,33.68,12078800.0,33.97667,-0.02292,34.7,33.55,34.47
2018-04-10,34.67,12400600.0,34.72,-0.00659,35.07,34.42,34.9
2018-04-09,34.37,5071900.0,34.51667,0.00175,34.97,34.21,34.31
2018-04-06,34.13,9692300.0,34.45333,-0.0315,35.49,33.74,35.24
2018-04-05,35.57,7945900.0,35.55667,0.0131,35.99,35.11,35.11
2018-04-04,34.93,7024200.0,34.37,0.03527,34.95,33.23,33.74
2018-04-03,34.44,5251100.0,34.29,0.00584,34.54,33.89,34.24
2018-04-02,33.88,7749400.0,34.35333,-0.03832,35.54,33.64,35.23
2018-03-29,35.02,7153500.0,34.81333,0.02248,35.21,34.21,34.25
2018-03-28,34.1,6561700.0,34.30667,-0.01899,34.85,33.97,34.76
2018-03-27,34.86,9578500.0,35.13333,-0.0119,35.87,34.67,35.28
2018-03-26,34.92,12752700.0,34.52667,0.03375,34.98,33.68,33.78
2018-03-23,33.26,12167100.0,33.64667,-0.03789,34.62,33.06,34.57
2018-03-22,34.53,7554100.0,34.97333,-0.02623,35.88,34.51,35.46
2018-03-21,36.12,9137500.0,36.28667,-0.01607,36.71,36.03,36.71
2018-03-20,36.73,5725100.0,36.54,0.01436,36.81,36.08,36.21
2018-03-19,36.28,12579600.0,36.13,0.00694,36.34,35.77,36.03
2018-03-16,35.99,4503800.0,35.98333,0.00643,36.28,35.68,35.76
2018-03-15,35.68,3475200.0,35.78333,-0.00196,36.09,35.58,35.75
2018-03-14,35.69,4635600.0,35.71667,-0.00613,36.0,35.46,35.91
2018-03-13,35.79,6648700.0,36.20333,-0.0327,37.13,35.69,37.0
2018-03-12,36.77,5989000.0,36.74667,-0.00163,36.91,36.56,36.83
2018-03-09,36.79,7730600.0,36.49,0.02109,36.82,35.86,36.03
2018-03-08,35.91,6827400.0,35.69,0.01699,35.99,35.17,35.31
2018-03-07,34.86,5511700.0,34.68,0.01633,34.9,34.28,34.3
2018-03-06,34.75,7490400.0,34.46667,0.01966,34.78,33.87,34.08
2018-03-05,33.85,8278500.0,33.75,0.00894,34.04,33.36,33.55
2018-03-02,33.73,11015600.0,33.48333,0.02398,33.88,32.84,32.94
2018-03-01,33.28,9505200.0,33.51333,-0.03002,34.38,32.88,34.31
2018-02-28,34.23,6991900.0,34.33,-0.00378,34.72,34.04,34.36
2018-02-27,34.27,6166200.0,34.68,-0.0341,35.53,34.24,35.48
2018-02-26,35.33,4798800.0,35.29667,-0.00339,35.57,34.99,35.45
2018-02-23,35.38,4480900.0,35.12667,0.02166,35.4,34.6,34.63
2018-02-22,34.51,5149300.0,34.49333,-0.00433,34.8,34.17,34.66
2018-02-21,34.4,7490100.0,34.74667,-0.01517,35.44,34.4,34.93
2018-02-20,34.71,14923500.0,34.30333,0.05182,35.21,32.99,33.0
2018-02-16,34.47,8295500.0,34.64333,-0.0109,35.04,34.42,34.85
2018-02-15,35.0,9131300.0,34.80333,0.00719,35.06,34.35,34.75
2018-02-14,34.44,12991700.0,33.94,0.04713,34.49,32.89,32.89
2018-02-13,33.13,8861500.0,33.11667,-0.0066,33.35,32.87,33.35
2018-02-12,33.2,9416500.0,33.23333,-0.0163,33.75,32.75,33.75
2018-02-09,33.43,17956000.0,33.13,-0.00683,33.82,32.14,33.66
2018-02-08,33.5,10910600.0,33.87667,-0.0343,34.69,33.44,34.69
2018-02-07,34.68,6697700.0,34.90667,-0.00402,35.47,34.57,34.82
2018-02-06,34.88,9572200.0,34.55667,0.03532,35.32,33.47,33.69
2018-02-05,34.47,8988400.0,34.78333,-0.01795,35.77,34.11,35.1
2018-02-02,35.58,8430800.0,35.72333,-0.02037,36.42,35.17,36.32
2018-02-01,36.83,6168700.0,36.75667,0.00932,37.14,36.3,36.49
2018-01-31,36.45,12872500.0,36.67667,-0.02042,37.4,36.18,37.21
2018-01-30,37.11,14740100.0,37.35667,-0.01434,37.93,37.03,37.65
2018-01-29,38.03,15529000.0,37.67,0.02784,38.41,36.57,37.0
2018-01-26,37.05,6668600.0,36.88333,0.00081,37.1,36.5,37.02
2018-01-25,36.81,7804500.0,36.85333,-0.00136,37.25,36.5,36.86
2018-01-24,37.63,7124400.0,37.40667,0.01978,37.76,36.83,36.9
2018-01-23,37.02,5175700.0,37.13667,-0.00189,37.43,36.96,37.09
2018-01-22,37.12,9727200.0,37.01333,0.01144,37.32,36.6,36.7
2018-01-19,36.35,5991100.0,36.38,-0.00028,36.68,36.11,36.36
2018-01-18,36.07,6126100.0,36.11667,-0.00907,36.45,35.83,36.4
2018-01-17,36.54,9408800.0,36.37,0.008,36.66,35.91,36.25
2018-01-16,36.03,11978300.0,36.05,0.01009,36.45,35.67,35.67
2018-01-12,35.03,6025100.0,35.01333,-0.00341,35.18,34.83,35.15
2018-01-11,35.11,7496600.0,34.66,0.03447,35.13,33.74,33.94
2018-01-10,33.92,5981500.0,33.71667,0.01435,33.97,33.26,33.44
2018-01-09,33.63,8774400.0,33.69,-0.00326,34.16,33.28,33.74
2018-01-08,33.1,7146500.0,33.35,-0.02216,33.92,33.03,33.85
2018-01-05,33.89,7229500.0,33.88333,0.00683,34.22,33.54,33.66
2018-01-04,33.66,4722500.0,33.54333,0.00658,33.7,33.27,33.44
2018-01-03,33.33,4253300.0,33.34667,-0.00448,33.49,33.22,33.48
2018-01-02,33.51,5449900.0,33.30333,0.01576,33.57,32.83,32.99
2017-12-29,33.39,3636400.0,33.46667,-0.00949,33.73,33.28,33.71
2017-12-28,33.63,6564700.0,33.58333,-0.00296,33.78,33.34,33.73
2017-12-27,33.71,4912800.0,33.55667,0.0117,33.72,33.24,33.32
2017-12-26,33.35,1633900.0,33.29667,0.0006,33.37,33.17,33.33
2017-12-22,33.34,3545100.0,33.41667,-0.00921,33.65,33.26,33.65
2017-12-21,33.73,6956300.0,33.54333,0.01383,33.8,33.1,33.27
2017-12-20,33.16,5388600.0,33.11,0.00181,33.26,32.91,33.1
2017-12-19,32.84,8391500.0,32.91,-0.00785,33.14,32.75,33.1
2017-12-18,32.95,7828300.0,33.05333,-0.00453,33.32,32.89,33.1
2017-12-15,32.88,12007400.0,32.83667,0.0,33.12,32.51,32.88
2017-12-14,32.83,7639400.0,33.0,-0.01382,33.42,32.75,33.29
2017-12-13,33.16,9453300.0,33.14,0.00607,33.4,32.86,32.96
2017-12-12,32.71,7857100.0,32.92333,-0.02066,33.42,32.64,33.4
2017-12-11,33.34,7390500.0,33.50667,-0.0015,33.87,33.31,33.39
2017-12-08,33.18,8885200.0,33.25333,-0.0054,33.61,32.97,33.36
2017-12-07,33.34,8713400.0,33.07333,0.00543,33.36,32.52,33.16
2017-12-06,33.1,9236800.0,33.41667,-0.02158,34.12,33.03,33.83
2017-12-05,33.94,8017300.0,34.06667,-0.00992,34.48,33.78,34.28
2017-12-04,34.22,6345200.0,34.26,-0.00436,34.51,34.05,34.37
2017-12-01,34.02,8100100.0,34.03,-0.00351,34.31,33.76,34.14
2017-11-30,34.12,8962400.0,33.95667,0.01608,34.24,33.51,33.58
2017-11-29,33.65,5634500.0,33.49667,0.00749,33.74,33.1,33.4
2017-11-28,33.25,6349100.0,33.42667,-0.01218,33.81,33.22,33.66
2017-11-27,33.67,5555900.0,33.65667,-0.00296,33.83,33.47,33.77
2017-11-24,33.89,1630900.0,33.72333,0.01255,33.9,33.38,33.47
2017-11-22,33.45,4370400.0,33.38,-0.0009,33.52,33.17,33.48
2017-11-21,33.34,6418900.0,33.37333,0.0009,33.59,33.19,33.31
2017-11-20,33.18,6662900.0,33.21333,-0.0006,33.41,33.05,33.2
2017-11-17,33.0,4532200.0,33.0,0.00182,33.1,32.9,32.94
2017-11-16,33.0,4677700.0,33.02,0.0,33.17,32.89,33.0
2017-11-15,32.89,4922100.0,32.74,0.00673,32.99,32.34,32.67
2017-11-14,32.85,6859100.0,32.88,0.00152,33.11,32.68,32.8
2017-11-13,33.06,6162500.0,33.03333,0.01163,33.41,32.63,32.68
2017-11-10,32.88,5693100.0,32.88,0.00581,33.18,32.58,32.69
2017-11-09,32.75,8848400.0,32.68333,0.00122,33.15,32.15,32.71
2017-11-08,33.06,17296400.0,32.79667,0.03962,33.59,31.74,31.8
2017-11-07,31.46,7923200.0,31.55667,-0.01472,32.0,31.21,31.93
2017-11-06,31.71,5075800.0,31.58667,0.01375,31.84,31.21,31.28
2017-11-03,31.26,5308300.0,31.0,0.01725,31.28,30.46,30.73
2017-11-02,30.71,5477700.0,30.81,-0.00389,31.04,30.68,30.83
2017-11-01,30.82,8933100.0,31.18,-0.03386,31.98,30.74,31.9
2017-10-31,31.35,5223200.0,31.14333,0.01522,31.35,30.73,30.88
2017-10-30,30.57,4614000.0,30.76667,-0.01641,31.17,30.56,31.08
2017-10-27,31.25,6137300.0,31.14667,0.00515,31.38,30.81,31.09
2017-10-26,30.83,5564700.0,30.86667,-0.00964,31.15,30.62,31.13
2017-10-25,30.97,6308100.0,31.11333,-0.00737,31.48,30.89,31.2
2017-10-24,31.22,7448600.0,31.04,0.0071,31.24,30.66,31.0
2017-10-23,30.9,7146400.0,30.99,-0.00323,31.27,30.8,31.0
2017-10-20,31.03,6788700.0,30.96333,0.00421,31.12,30.74,30.9
2017-10-19,30.48,4995900.0,30.39333,0.01229,30.63,30.07,30.11
2017-10-18,30.44,7658700.0,30.24333,0.00795,30.48,29.81,30.2
2017-10-17,30.49,8612500.0,30.21333,0.02695,30.52,29.63,29.69
2017-10-16,29.69,8127900.0,29.69,0.00101,29.85,29.53,29.66
2017-10-13,29.74,12380900.0,29.83667,-0.00966,30.21,29.56,30.03
2017-10-12,30.07,11904500.0,30.31667,-0.02338,30.83,30.05,30.79
2017-10-11,30.9,8671300.0,30.70333,0.01645,30.91,30.3,30.4
2017-10-10,30.43,7783400.0,30.64,-0.01997,31.09,30.4,31.05
2017-10-09,30.81,9086700.0,30.66,0.00326,30.87,30.3,30.71
2017-10-06,30.81,8093400.0,30.70333,0.00326,30.87,30.43,30.71
2017-10-05,30.9,9709600.0,30.93667,0.00195,31.14,30.77,30.84
2017-10-04,30.75,11191900.0,30.92667,-0.00646,31.3,30.73,30.95
2017-10-03,30.85,23273800.0,30.71333,-0.00129,30.93,30.36,30.89
2017-10-02,30.77,37692800.0,31.15667,-0.0185,32.0,30.7,31.35
2017-09-29,32.59,5414300.0,32.49,0.00773,32.74,32.14,32.34
2017-09-28,32.34,5023100.0,32.42667,-0.00062,32.73,32.21,32.36
2017-09-27,32.46,5676900.0,32.46667,0.00216,32.7,32.24,32.39
2017-09-26,32.16,3460300.0,32.13667,0.00218,32.32,31.93,32.09
2017-09-25,31.94,5096000.0,32.02333,-0.00869,32.32,31.81,32.22
2017-09-22,32.38,3937000.0,32.58333,-0.0179,33.01,32.36,32.97
2017-09-21,33.06,5732900.0,33.16333,-0.00091,33.44,32.99,33.09
2017-09-20,33.08,10057500.0,32.81,0.01597,33.13,32.22,32.56
2017-09-19,32.56,8376700.0,32.33,0.02358,32.67,31.76,31.81
2017-09-18,31.68,8663700.0,31.94667,-0.01154,32.53,31.63,32.05
2017-09-15,31.92,13413600.0,31.91,-0.0025,32.1,31.71,32.0
2017-09-14,32.06,9834600.0,32.18333,-0.02107,32.77,31.72,32.75
2017-09-13,32.59,6343000.0,32.62667,-0.00367,32.89,32.4,32.71
2017-09-12,32.75,10527400.0,32.74333,-0.01028,33.3,32.18,33.09
2017-09-11,33.08,12209100.0,32.82333,0.00303,33.34,32.05,32.98
2017-09-08,33.25,8154100.0,33.37667,-0.01917,33.92,32.96,33.9
2017-09-07,33.99,11712600.0,34.13667,0.00651,34.65,33.77,33.77
2017-09-06,33.77,9355300.0,33.67667,0.01017,33.98,33.28,33.43
2017-09-05,33.14,9708400.0,33.12,-0.0003,33.38,32.84,33.15
2017-09-01,33.21,5281500.0,33.21667,0.00151,33.46,32.98,33.16
2017-08-31,32.96,10560800.0,32.69,0.02202,33.0,32.11,32.25
2017-08-30,32.12,5344900.0,31.93,0.00218,32.14,31.53,32.05
2017-08-29,32.04,3862700.0,31.88333,0.0165,32.15,31.46,31.52
2017-08-28,31.69,5722500.0,31.63,-0.00409,31.95,31.25,31.82
2017-08-25,31.83,4741400.0,31.72333,0.00728,31.92,31.42,31.6
2017-08-24,31.55,3451500.0,31.49,0.0051,31.71,31.21,31.39
2017-08-23,31.32,6176600.0,31.31,0.00192,31.56,31.05,31.26
2017-08-22,31.6,5748900.0,31.60333,0.00637,31.96,31.25,31.4
2017-08-21,31.11,6480900.0,30.90667,0.01006,31.18,30.43,30.8
2017-08-18,30.71,6375900.0,30.57,0.00821,30.96,30.04,30.46
2017-08-17,30.51,6566400.0,30.83,-0.02149,31.48,30.5,31.18
2017-08-16,31.3,5837200.0,31.31667,-0.01324,31.72,30.93,31.72
2017-08-15,31.59,7768200.0,31.32333,0.0151,31.66,30.72,31.12
2017-08-14,30.99,5936000.0,30.99667,0.00162,31.2,30.8,30.94
2017-08-11,30.59,5399700.0,30.60333,0.00295,30.84,30.38,30.5
2017-08-10,30.51,6909800.0,30.80333,-0.02274,31.4,30.5,31.22
2017-08-09,31.49,6862600.0,31.46,0.00415,31.67,31.22,31.36
2017-08-08,31.55,6571400.0,31.66667,-0.00973,32.02,31.43,31.86
2017-08-07,31.86,5745400.0,31.91,-0.00219,32.15,31.72,31.93
2017-08-04,31.79,6720600.0,31.83333,0.00633,32.12,31.59,31.59
2017-08-03,31.56,10252400.0,31.74333,-0.01344,32.17,31.5,31.99
2017-08-02,31.98,9431400.0,32.04667,-0.01357,32.48,31.68,32.42
2017-08-01,32.41,12131200.0,32.64,-0.01339,33.11,32.4,32.85
2017-07-31,32.93,8291300.0,33.12667,-0.00544,33.52,32.93,33.11
2017-07-28,33.14,8643400.0,33.35333,-0.0054,33.88,33.04,33.32
2017-07-27,33.39,25694200.0,33.29,-0.01213,34.17,32.31,33.8
2017-07-26,33.87,20998800.0,33.92,-0.00704,34.27,33.62,34.11
2017-07-25,34.27,90098200.0,33.81333,0.00558,34.53,32.64,34.08
2017-07-24,33.99,15300100.0,34.14333,-0.00352,34.46,33.98,34.11
2017-07-21,34.03,18635000.0,34.00333,0.0077,34.21,33.77,33.77
2017-07-20,33.73,27562400.0,33.62,0.00687,33.99,33.14,33.5
2017-07-19,32.79,8178300.0,32.63333,0.00737,32.8,32.31,32.55
2017-07-18,32.55,6066500.0,32.36333,0.02166,32.74,31.8,31.86
2017-07-17,31.85,4302700.0,31.84667,-0.00094,32.02,31.67,31.88
2017-07-14,31.91,7421800.0,31.65333,0.01916,31.96,31.09,31.31
2017-07-13,31.93,4893700.0,31.78,0.00251,31.94,31.47,31.85
2017-07-12,31.74,3825500.0,31.67333,0.00253,31.81,31.47,31.66
2017-07-11,31.43,6192400.0,31.43333,0.00287,31.62,31.25,31.34
2017-07-10,31.18,5192700.0,31.09,0.01135,31.4,30.69,30.83
2017-07-07,30.84,5802500.0,30.65667,0.01715,30.93,30.2,30.32
2017-07-06,30.3,5158400.0,30.49,-0.01783,30.91,30.26,30.85
2017-07-05,30.98,7558800.0,30.76333,0.01044,31.0,30.31,30.66
2017-07-03,30.56,7346800.0,30.77,-0.01483,31.32,30.43,31.02
2017-06-30,31.29,17920600.0,31.51333,-0.02035,32.09,31.16,31.94
2017-06-29,32.89,7166700.0,33.09667,-0.02404,33.78,32.62,33.7
2017-06-28,33.7,7730700.0,33.68333,-0.00561,34.0,33.35,33.89
2017-06-27,33.73,8727000.0,33.92333,-0.00531,34.31,33.73,33.91
2017-06-26,33.85,7751600.0,33.94333,-0.00994,34.34,33.64,34.19
2017-06-23,34.16,7787300.0,33.85667,0.02429,34.17,33.24,33.35
2017-06-22,33.25,3167700.0,33.18333,0.01033,33.4,32.9,32.91
2017-06-21,32.96,3174000.0,33.05,-0.00962,33.35,32.84,33.28
2017-06-20,33.18,4903700.0,33.12333,-0.0012,33.36,32.83,33.22
2017-06-19,33.15,7399500.0,33.02333,0.00944,33.23,32.69,32.84
2017-06-16,32.61,5030200.0,32.6,0.00061,32.77,32.42,32.59
2017-06-15,32.58,6187400.0,32.33667,0.01654,32.59,31.84,32.05
2017-06-14,32.35,5144100.0,32.29667,0.0,32.52,32.02,32.35
2017-06-13,32.09,4664400.0,32.1,0.00754,32.37,31.84,31.85
2017-06-12,31.59,11444700.0,31.40667,-0.0066,31.81,30.82,31.8
2017-06-09,31.98,5333600.0,32.17333,-0.02351,32.91,31.63,32.75
2017-06-08,32.77,3762800.0,32.72333,0.00153,32.93,32.47,32.72
2017-06-07,32.76,7207200.0,32.59333,0.00986,32.88,32.14,32.44
2017-06-06,32.49,6021100.0,32.37,0.00932,32.6,32.02,32.19
2017-06-05,32.19,7141300.0,32.25667,-0.00923,32.5,32.08,32.49
2017-06-02,32.52,6195900.0,32.46667,0.00308,32.75,32.13,32.42
2017-06-01,32.26,6969700.0,32.27,0.00655,32.55,32.0,32.05
2017-05-31,31.72,5797200.0,31.70667,-0.00875,32.04,31.36,32.0
2017-05-30,31.87,4934600.0,31.9,0.0022,32.08,31.75,31.8
2017-05-26,31.82,3612100.0,31.77,0.00792,31.96,31.53,31.57
2017-05-25,31.6,5476700.0,31.50333,0.01185,31.68,31.23,31.23
2017-05-24,31.19,5507100.0,31.22333,0.00032,31.42,31.06,31.18
2017-05-23,31.3,7750100.0,31.44333,-0.01199,31.76,31.27,31.68
2017-05-22,31.57,10627300.0,31.64,0.00222,31.93,31.42,31.5
2017-05-19,31.25,5673800.0,31.36,0.00225,31.71,31.12,31.18
2017-05-18,30.96,7042500.0,30.91667,0.01176,31.29,30.5,30.6
2017-05-17,31.15,9034600.0,31.39667,-0.01797,31.95,31.09,31.72
2017-05-16,32.2,8987300.0,32.03,0.01353,32.28,31.61,31.77
2017-05-15,31.68,8031100.0,31.49667,0.01636,31.7,31.11,31.17
2017-05-12,31.15,5620000.0,31.06333,0.01005,31.2,30.84,30.84
2017-05-11,30.98,5609100.0,30.95667,-0.00354,31.2,30.69,31.09
2017-05-10,31.23,6476700.0,31.07,0.01003,31.29,30.69,30.92
2017-05-09,30.96,6157400.0,30.81667,0.01143,31.08,30.41,30.61
2017-05-08,30.42,8541000.0,30.40667,-0.00295,30.61,30.19,30.51
2017-05-05,30.85,4779800.0,30.76333,0.01314,31.03,30.41,30.45
2017-05-04,30.72,5636300.0,30.83,-0.00967,31.1,30.67,31.02
2017-05-03,31.11,5488800.0,31.02,0.00517,31.15,30.8,30.95
2017-05-02,30.96,5818600.0,31.0,-0.00129,31.15,30.89,31.0
2017-05-01,30.97,5676000.0,30.93333,0.00585,31.15,30.68,30.79
2017-04-28,30.71,8353800.0,30.91,-0.01822,31.32,30.7,31.28
2017-04-27,31.01,17187400.0,30.58333,0.02784,31.15,29.59,30.17
2017-04-26,29.79,19013700.0,29.72,0.00404,30.05,29.32,29.67
2017-04-25,29.35,12104600.0,29.36333,0.00445,29.58,29.16,29.22
2017-04-24,29.0,14538400.0,28.9,0.01292,29.13,28.57,28.63
2017-04-21,28.41,6541300.0,28.40667,-0.00525,28.61,28.2,28.56
2017-04-20,28.46,7262800.0,28.36333,0.00994,28.53,28.1,28.18
2017-04-19,28.02,9311000.0,28.00667,0.00466,28.32,27.68,27.89
2017-04-18,27.75,9329500.0,27.54667,0.02323,27.81,27.08,27.12
2017-04-17,27.12,7895700.0,27.16667,-0.00841,27.37,27.01,27.35
2017-04-13,27.19,4846400.0,27.36333,-0.01235,27.74,27.16,27.53
2017-04-12,27.57,3059500.0,27.63333,-0.00433,27.84,27.49,27.69
2017-04-11,27.71,6585000.0,27.64333,0.00108,27.83,27.39,27.68
2017-04-10,27.77,7840600.0,27.83667,-0.01104,28.09,27.65,28.08
2017-04-07,28.11,6968700.0,28.20333,-0.00566,28.5,28.0,28.27
2017-04-06,28.43,11886800.0,28.16,0.03157,28.53,27.52,27.56
2017-04-05,27.6,7249300.0,27.76667,-0.01393,28.12,27.58,27.99
2017-04-04,27.82,5159700.0,27.78333,0.00506,27.9,27.63,27.68
2017-04-03,27.75,10087300.0,27.78333,0.00036,28.09,27.51,27.74
2017-03-31,27.4,7166600.0,27.32,0.00847,27.5,27.06,27.17
2017-03-30,27.33,4714800.0,27.34333,-0.0011,27.5,27.2,27.36
2017-03-29,27.29,6146900.0,27.27667,0.0059,27.54,27.0,27.13
2017-03-28,27.17,12824500.0,27.01,0.01951,27.27,26.59,26.65
2017-03-27,26.58,12584000.0,26.13333,0.05267,26.61,25.21,25.25
2017-03-24,25.71,11061600.0,25.77,-0.01381,26.13,25.47,26.07
2017-03-23,25.92,6979300.0,26.07667,-0.00384,26.4,25.91,26.02
2017-03-22,26.03,7313900.0,26.12667,-0.00038,26.43,25.92,26.04
2017-03-21,26.13,17554800.0,26.26,-0.02135,26.76,25.89,26.7
2017-03-20,26.62,19573300.0,26.80333,-0.02953,27.45,26.34,27.43
2017-03-17,27.58,15365600.0,27.34333,0.02338,27.6,26.85,26.95
2017-03-16,26.79,10592700.0,26.76667,0.0015,26.99,26.52,26.75
2017-03-15,26.82,10563800.0,26.67667,0.01208,26.87,26.34,26.5
2017-03-14,26.35,7634200.0,26.19333,0.01541,26.4,25.83,25.95
2017-03-13,25.95,6783600.0,25.84333,0.01328,26.02,25.56,25.61
2017-03-10,25.5,6840800.0,25.41333,-0.00235,25.59,25.15,25.56
2017-03-09,25.43,7790600.0,25.50667,-0.00392,25.8,25.29,25.53
2017-03-08,25.68,12078500.0,25.74,-0.00465,25.9,25.64,25.8
2017-03-07,25.74,23495000.0,25.82667,-0.02389,26.41,25.33,26.37
2017-03-06,26.55,6478800.0,26.43333,0.00492,26.61,26.14,26.42
2017-03-03,26.46,6842700.0,26.35333,0.00915,26.52,26.08,26.22
2017-03-02,26.31,7704700.0,26.45667,-0.01608,26.79,26.27,26.74
2017-03-01,26.83,9781300.0,26.93667,-0.00887,27.2,26.78,27.07
2017-02-28,26.29,8232000.0,26.32333,-0.00379,26.53,26.15,26.39
2017-02-27,26.47,8026700.0,26.44667,0.00076,26.55,26.32,26.45
2017-02-24,26.39,11647300.0,26.27333,0.01111,26.4,26.03,26.1
2017-02-23,26.18,10041000.0,26.31333,-0.01505,26.69,26.07,26.58
2017-02-22,26.46,9682300.0,26.61333,-0.01891,27.06,26.32,26.97
2017-02-21,26.95,12650300.0,26.85667,0.0124,27.06,26.56,26.62
2017-02-17,26.6,20858700.0,26.47333,0.00377,26.78,26.04,26.5
2017-02-16,26.86,49246900.0,27.18667,-0.04208,28.06,26.64,28.04
2017-02-15,29.6,14333000.0,29.32333,0.0328,29.71,28.66,28.66
2017-02-14,28.65,9169600.0,28.95333,-0.02683,29.6,28.61,29.44
2017-02-13,29.16,10158900.0,29.01667,0.01497,29.3,28.59,28.73
2017-02-10,28.53,4791300.0,28.6,-0.00523,28.79,28.48,28.68
2017-02-09,28.62,4931400.0,28.54667,-0.0014,28.71,28.31,28.66
2017-02-08,28.64,3298700.0,28.60333,0.00421,28.73,28.44,28.52
2017-02-07,28.56,5338600.0,28.72,-0.01788,29.1,28.5,29.08
2017-02-06,29.05,6694800.0,28.98333,0.00415,29.14,28.76,28.93
2017-02-03,28.86,3781200.0,28.88333,-0.00207,29.01,28.78,28.92
2017-02-02,28.8,6200400.0,28.69,0.00982,28.82,28.45,28.52
2017-02-01,28.56,6986900.0,28.61,-0.00695,28.89,28.38,28.76
2017-01-31,28.8,5479700.0,28.91,-0.00724,29.2,28.73,29.01
2017-01-30,29.11,5634600.0,29.27,-0.01722,29.62,29.08,29.62
2017-01-27,29.79,5813400.0,29.71333,-0.00034,29.89,29.46,29.8
2017-01-26,29.48,4955500.0,29.53,0.0,29.87,29.24,29.48
2017-01-25,29.6,7275700.0,29.49,0.00989,29.66,29.21,29.31
2017-01-24,29.01,4467300.0,28.84,0.01469,29.05,28.46,28.59
2017-01-23,28.5,6588100.0,28.59333,-0.00801,28.88,28.4,28.73
2017-01-20,28.74,5371800.0,28.91,-0.00381,29.25,28.74,28.85
2017-01-19,28.69,4820900.0,28.70333,-0.0007,28.86,28.56,28.71
2017-01-18,28.61,3839300.0,28.54333,0.00175,28.69,28.33,28.56
2017-01-17,28.66,6966100.0,28.63667,0.00738,28.8,28.45,28.45
2017-01-13,28.62,8786600.0,28.74333,-0.00383,29.06,28.55,28.73
2017-01-12,28.63,6312000.0,28.71333,-0.00797,29.16,28.35,28.86
2017-01-11,29.03,9595200.0,29.09667,-0.01593,29.57,28.69,29.5
2017-01-10,29.62,11879500.0,29.42,0.01127,29.92,28.72,29.29
2017-01-09,29.16,5893400.0,29.40667,-0.01851,29.9,29.16,29.71
2017-01-06,29.52,6989500.0,29.52667,0.00511,29.71,29.35,29.37
2017-01-05,29.37,8587100.0,29.56333,-0.00944,29.97,29.35,29.65
2017-01-04,29.46,6330900.0,29.43,-0.00203,29.65,29.18,29.52
2017-01-03,29.48,9439200.0,29.25,0.0162,29.51,28.76,29.01
2016-12-30,28.83,5461200.0,28.66333,0.00699,28.83,28.33,28.63
2016-12-29,28.5,3693100.0,28.55,-0.00419,28.77,28.38,28.62
2016-12-28,28.72,3494500.0,28.84,-0.00966,29.18,28.62,29.0
2016-12-27,29.01,2730000.0,29.17,-0.01125,29.5,29.0,29.34
2016-12-23,29.36,2587100.0,29.36333,0.00239,29.52,29.21,29.29
2016-12-22,29.33,3628000.0,29.25,0.00171,29.41,29.01,29.28
2016-12-21,29.28,6509200.0,29.02,0.0227,29.38,28.4,28.63
2016-12-20,28.63,4387000.0,28.67,-0.00625,28.98,28.4,28.81
2016-12-19,28.59,4703700.0,28.71667,-0.00832,29.0,28.56,28.83
2016-12-16,28.86,8520800.0,29.01667,-0.01569,29.45,28.74,29.32
2016-12-15,28.97,8584500.0,29.26667,-0.02458,29.9,28.93,29.7
2016-12-14,29.72,10258900.0,29.68667,0.0027,30.09,29.25,29.64
2016-12-13,29.79,11258300.0,29.91667,-0.00667,30.26,29.7,29.99
2016-12-12,29.19,7094800.0,29.27333,-0.01151,29.6,29.03,29.53
2016-12-09,29.27,15863900.0,29.41,-0.01613,30.07,28.89,29.75
2016-12-08,28.65,27910100.0,29.04333,-0.04277,30.62,27.86,29.93
2016-12-07,29.95,5552500.0,29.82333,0.00167,29.98,29.54,29.9
2016-12-06,29.63,8575600.0,29.50333,0.01334,29.75,29.13,29.24
2016-12-05,28.97,7050000.0,29.04667,-0.0116,29.36,28.81,29.31
2016-12-02,29.01,8673500.0,28.87333,0.02256,29.27,28.34,28.37
2016-12-01,28.52,8466400.0,28.45667,-0.00662,28.9,27.95,28.71
2016-11-30,28.71,7429700.0,28.78,-0.01272,29.08,28.55,29.08
2016-11-29,28.87,8355500.0,28.84333,0.00522,29.04,28.62,28.72
2016-11-28,28.73,8285600.0,28.72,-0.00174,28.84,28.59,28.78
2016-11-25,28.67,1660300.0,28.60667,0.00667,28.69,28.46,28.48
2016-11-23,28.47,4116700.0,28.53,-0.00559,28.72,28.4,28.63
2016-11-22,28.71,7083700.0,28.68667,0.00209,28.83,28.52,28.65
2016-11-21,28.97,10263800.0,29.09,-0.00515,29.35,28.95,29.12
2016-11-18,28.43,9823400.0,28.44667,0.00816,28.73,28.18,28.2
2016-11-17,28.03,6986200.0,28.01667,0.00682,28.25,27.77,27.84
2016-11-16,27.71,5724000.0,27.78,-0.00144,28.14,27.49,27.75
2016-11-15,27.83,7372900.0,27.69667,0.01495,27.96,27.3,27.42
2016-11-14,27.37,9510500.0,27.27,-0.00255,27.67,26.77,27.44
2016-11-11,27.5,7367000.0,27.48,-0.0065,27.73,27.21,27.68
2016-11-10,27.87,9536600.0,27.99333,-0.0245,28.71,27.4,28.57
2016-11-09,28.32,10960600.0,28.22667,0.02054,28.8,27.56,27.75
2016-11-08,28.0,13466800.0,27.86,0.02639,28.3,27.28,27.28
2016-11-07,27.18,19040000.0,27.44,-0.03205,28.3,26.84,28.08
2016-11-04,26.41,11225200.0,26.35667,0.01265,26.65,26.01,26.08
2016-11-03,25.77,5990800.0,26.00333,-0.00808,26.5,25.74,25.98
2016-11-02,25.94,6798200.0,26.01,-0.01556,26.36,25.73,26.35
2016-11-01,26.4,9406000.0,26.57667,-0.00938,26.98,26.35,26.65
2016-10-31,26.17,3605700.0,26.15,-0.00038,26.31,25.97,26.18
2016-10-28,26.07,4473900.0,26.14667,0.00618,26.46,25.91,25.91
2016-10-27,25.98,5279100.0,26.05667,-0.00802,26.35,25.84,26.19
2016-10-26,26.13,3654100.0,26.13333,0.00384,26.33,25.94,26.03
2016-10-25,26.08,5219600.0,26.15,-0.00572,26.32,26.05,26.23
2016-10-24,26.28,2980500.0,26.32333,-0.00114,26.47,26.22,26.31
2016-10-21,26.1,3255500.0,25.99667,0.00038,26.3,25.59,26.09
2016-10-20,26.12,3466700.0,26.16333,0.00307,26.38,25.99,26.04
2016-10-19,26.09,3431700.0,26.0,0.01046,26.18,25.73,25.82
2016-10-18,25.86,2572100.0,25.98667,-0.0171,26.31,25.79,26.31
2016-10-17,25.98,4071400.0,25.8,0.02607,26.17,25.25,25.32
2016-10-14,25.75,3806400.0,25.9,-0.01867,26.33,25.62,26.24
2016-10-13,26.06,3991000.0,25.95667,0.00269,26.12,25.69,25.99
2016-10-12,26.33,2317300.0,26.40667,-0.00791,26.58,26.31,26.54
2016-10-11,26.55,3128700.0,26.66667,-0.01264,27.02,26.43,26.89
2016-10-10,26.79,5978400.0,26.79,0.00942,27.04,26.54,26.54
2016-10-07,26.42,3767000.0,26.53333,-0.01271,26.8,26.38,26.76
2016-10-06,26.8,5438400.0,26.8,-0.00593,27.04,26.56,26.96
2016-10-05,26.64,7176500.0,26.61,0.01101,26.85,26.34,26.35
2016-10-04,26.23,3985700.0,26.21,-0.0038,26.4,26.0,26.33
2016-10-03,26.19,3866300.0,26.25667,-0.00532,26.43,26.15,26.33
2016-09-30,26.03,6109000.0,25.91667,0.01363,26.2,25.52,25.68
2016-09-29,25.85,8836700.0,25.94333,-0.01972,26.49,25.49,26.37
2016-09-28,26.35,6874100.0,26.13,0.02649,26.39,25.65,25.67
2016-09-27,25.57,3652600.0,25.5,0.00828,25.69,25.24,25.36
2016-09-26,25.36,2999100.0,25.38667,-0.00354,25.62,25.18,25.45
2016-09-23,25.65,8546900.0,25.56333,0.00509,25.69,25.35,25.52
2016-09-22,25.79,5946600.0,25.64333,0.02017,25.86,25.28,25.28
2016-09-21,25.08,3926600.0,25.01,0.0,25.17,24.78,25.08
2016-09-20,24.97,3260600.0,25.01,-0.0024,25.25,24.81,25.03
2016-09-19,24.94,6182800.0,25.15667,-0.02426,25.66,24.87,25.56
2016-09-16,25.44,4792100.0,25.51333,-0.00392,25.72,25.38,25.54
2016-09-15,25.54,6030100.0,25.44667,0.01068,25.65,25.15,25.27
2016-09-14,25.22,6035800.0,25.12667,0.01326,25.41,24.75,24.89
2016-09-13,24.86,6775800.0,24.87,0.0,25.11,24.64,24.86
2016-09-12,25.08,6007000.0,24.82667,0.02242,25.14,24.26,24.53
2016-09-09,24.76,4884700.0,24.89667,-0.01433,25.31,24.62,25.12
2016-09-08,25.3,4449000.0,25.29,-0.00667,25.49,25.08,25.47
2016-09-07,25.17,5211900.0,25.03667,0.01574,25.2,24.74,24.78
2016-09-06,24.72,3516400.0,24.64333,0.0057,24.78,24.43,24.58
2016-09-02,24.58,3267900.0,24.62,-0.00727,24.85,24.43,24.76
2016-09-01,24.65,9785700.0,24.51667,0.01482,24.77,24.13,24.29
2016-08-31,23.89,3757000.0,23.91,0.00336,24.09,23.75,23.81
2016-08-30,23.81,2659400.0,23.80667,-0.00126,23.91,23.7,23.84
2016-08-29,23.76,3079600.0,23.71667,0.00169,23.87,23.52,23.72
2016-08-26,23.76,4590000.0,23.72333,0.00338,23.88,23.53,23.68
2016-08-25,23.66,4537000.0,23.66333,0.0081,23.95,23.38,23.47
2016-08-24,23.55,6680000.0,23.78667,-0.02766,24.27,23.54,24.22
2016-08-23,24.31,3743100.0,24.38667,-0.00041,24.56,24.29,24.32
2016-08-22,24.23,3412000.0,24.17333,0.00456,24.24,24.05,24.12
2016-08-19,24.16,3155800.0,24.12333,-0.00083,24.26,23.95,24.18
2016-08-18,24.36,2730800.0,24.40667,-0.00571,24.6,24.26,24.5
2016-08-17,24.43,2906700.0,24.40333,-0.00041,24.54,24.24,24.44
2016-08-16,24.49,4827200.0,24.5,-0.0085,24.72,24.29,24.7
2016-08-15,24.84,3567400.0,24.79333,0.00771,24.96,24.58,24.65
2016-08-12,24.5,4067300.0,24.60667,-0.0101,24.83,24.49,24.75
2016-08-11,24.89,4151800.0,24.82333,0.00647,24.99,24.59,24.73
2016-08-10,24.63,4860000.0,24.73667,-0.01203,25.0,24.58,24.93
2016-08-09,24.9,5293200.0,24.81333,0.00769,24.98,24.56,24.71
2016-08-08,24.64,3786900.0,24.61667,0.00203,24.73,24.48,24.59
2016-08-05,24.45,7309700.0,24.41667,0.00328,24.59,24.21,24.37
2016-08-04,24.06,9745200.0,24.1,-0.01232,24.46,23.78,24.36
2016-08-03,23.78,6065000.0,23.68333,0.00677,23.8,23.47,23.62
2016-08-02,23.8,6798300.0,23.89333,-0.0149,24.3,23.58,24.16
2016-08-01,23.96,5359500.0,23.90333,-0.00083,24.06,23.69,23.98
2016-07-29,23.98,6200200.0,23.95,0.01139,24.26,23.61,23.71
2016-07-28,24.23,6097500.0,24.07,0.0215,24.28,23.7,23.72
2016-07-27,23.82,5781300.0,23.84,-0.00833,24.1,23.6,24.02
2016-07-26,24.01,8034800.0,23.88333,0.01394,24.03,23.61,23.68
2016-07-25,23.32,4466300.0,23.28,0.00517,23.41,23.11,23.2
2016-07-22,23.19,4713800.0,23.1,0.00086,23.24,22.87,23.17
2016-07-21,23.17,3843200.0,23.30333,-0.01404,23.62,23.12,23.5
2016-07-20,23.5,4054200.0,23.37333,0.01075,23.53,23.09,23.25
2016-07-19,23.15,5116700.0,23.16333,-0.00558,23.34,23.0,23.28
2016-07-18,23.39,5465700.0,23.43,-0.00213,23.61,23.29,23.44
2016-07-15,23.34,4997000.0,23.38,-0.00384,23.61,23.19,23.43
2016-07-14,23.29,4604100.0,23.33667,-0.00682,23.55,23.17,23.45
2016-07-13,23.13,6249700.0,23.16,-0.00985,23.38,22.97,23.36
2016-07-12,23.27,6395500.0,23.3,0.00086,23.54,23.09,23.25
2016-07-11,22.99,6638400.0,23.08,-0.00991,23.3,22.95,23.22
2016-07-08,22.96,7903000.0,23.02,-0.00949,23.23,22.87,23.18
2016-07-07,22.98,5092700.0,23.02,-0.00087,23.32,22.76,23.0
2016-07-06,22.95,5352400.0,22.74667,0.02547,22.96,22.33,22.38
2016-07-05,22.55,4629900.0,22.51,0.00178,22.62,22.36,22.51
2016-07-01,22.78,4066200.0,22.87333,0.00352,23.19,22.65,22.7
2016-06-30,22.63,6277000.0,22.6,-0.01006,22.89,22.28,22.86
2016-06-29,22.74,5400500.0,22.67333,0.01563,22.89,22.39,22.39
2016-06-28,22.09,7097700.0,22.00667,0.005,22.19,21.74,21.98
2016-06-27,21.54,15445600.0,21.81,-0.04606,22.58,21.31,22.58
2016-06-24,22.91,16058800.0,23.17667,-0.01968,23.82,22.8,23.37
2016-06-23,24.48,5106500.0,24.52333,-0.00488,24.66,24.43,24.6
2016-06-22,24.32,4503500.0,24.43667,-0.01138,24.73,24.26,24.6
2016-06-21,24.53,5141400.0,24.39667,0.00822,24.58,24.08,24.33
2016-06-20,24.28,7619500.0,24.55333,-0.0319,25.12,24.26,25.08
2016-06-17,24.61,11752800.0,24.68,-0.00284,24.93,24.5,24.68
2016-06-16,24.16,7085400.0,24.12333,-0.0078,24.39,23.82,24.35
2016-06-15,24.52,15172800.0,24.49,0.01658,24.87,24.08,24.12
2016-06-14,24.05,9986200.0,24.02667,0.00208,24.25,23.78,24.0
2016-06-13,24.12,10144000.0,24.28667,-0.00741,24.64,24.1,24.3
2016-06-10,24.55,6472300.0,24.65667,-0.00848,24.88,24.54,24.76
2016-06-09,25.09,6171600.0,25.03667,0.01006,25.29,24.73,24.84
2016-06-08,24.97,6752100.0,24.84667,0.00767,25.06,24.51,24.78
2016-06-07,24.65,9880500.0,24.58667,0.01274,25.0,24.11,24.34
2016-06-06,24.4,6331900.0,24.24333,0.01667,24.48,23.85,24.0
2016-06-03,24.06,5550900.0,23.91667,0.0025,24.15,23.54,24.0
2016-06-02,24.1,7801500.0,23.85667,0.03124,24.15,23.32,23.37
2016-06-01,23.42,6781400.0,23.14667,0.02495,23.51,22.51,22.85
2016-05-31,22.85,5834700.0,22.92,-0.00652,23.13,22.78,23.0
2016-05-27,22.93,3238400.0,22.71667,0.02047,22.96,22.26,22.47
2016-05-26,22.51,3751800.0,22.59333,-0.01703,22.94,22.33,22.9
2016-05-25,22.8,3306600.0,22.85667,0.00132,23.0,22.77,22.77
2016-05-24,22.67,4944000.0,22.58,0.01432,22.75,22.32,22.35
2016-05-23,22.13,4103700.0,22.04,0.01514,22.23,21.76,21.8
2016-05-20,21.76,4398300.0,21.75,0.01162,21.98,21.51,21.51
2016-05-19,21.51,5752200.0,21.56667,-0.00139,21.86,21.33,21.54
2016-05-18,21.7,5150500.0,21.80333,-0.00686,22.13,21.58,21.85
2016-05-17,21.98,4288300.0,22.07,-0.00363,22.34,21.89,22.06
2016-05-16,22.08,3590700.0,21.97667,0.01331,22.16,21.69,21.79
2016-05-13,21.63,4295600.0,21.79667,-0.0078,22.16,21.6,21.8
2016-05-12,21.94,4815900.0,21.97333,-0.00589,22.31,21.67,22.07
2016-05-11,22.01,5640400.0,22.19,-0.02047,22.56,22.0,22.47
2016-05-10,22.58,5457700.0,22.38,0.03058,22.66,21.9,21.91
2016-05-09,21.85,5272600.0,21.88,0.00137,22.13,21.66,21.82
2016-05-06,22.01,7152600.0,22.03,0.00963,22.4,21.68,21.8
2016-05-05,21.87,14302200.0,21.80333,0.0125,22.27,21.27,21.6
2016-05-04,21.47,8017900.0,21.36667,0.01561,21.51,21.12,21.14
2016-05-03,21.44,4000600.0,21.40333,0.0014,21.57,21.2,21.41
2016-05-02,21.67,4147200.0,21.7,0.00464,21.89,21.54,21.57
2016-04-29,21.3,4878400.0,21.34,-0.00328,21.55,21.17,21.37
2016-04-28,21.35,4408200.0,21.53333,-0.01974,21.92,21.33,21.78
2016-04-27,21.93,3947500.0,21.83333,0.0106,22.02,21.55,21.7
2016-04-26,21.84,3837500.0,21.84,0.00138,22.05,21.63,21.81
2016-04-25,21.76,4144600.0,21.87333,-0.01849,22.18,21.68,22.17
2016-04-22,22.17,5316400.0,22.23,-0.00225,22.58,21.94,22.22
2016-04-21,22.29,7889000.0,22.26333,-0.00402,22.6,21.9,22.38
2016-04-20,22.79,8980500.0,22.89,-0.01128,23.25,22.63,23.05
2016-04-19,23.03,8552900.0,23.01333,-0.0026,23.34,22.67,23.09
2016-04-18,22.87,5098400.0,22.76333,0.01329,22.93,22.49,22.57
2016-04-15,22.79,2723200.0,22.77333,-0.00131,22.89,22.64,22.82
2016-04-14,22.81,6437400.0,22.89333,-0.01808,23.29,22.58,23.23
2016-04-13,23.1,6324000.0,22.99,0.00873,23.16,22.71,22.9
2016-04-12,22.65,6212500.0,22.47,0.02628,22.75,22.01,22.07
2016-04-11,22.06,7688100.0,22.26,-0.02389,22.68,22.04,22.6
2016-04-08,22.39,12677600.0,22.27667,0.0168,22.52,21.92,22.02
2016-04-07,21.67,9710400.0,21.77667,0.00838,22.27,21.39,21.49
2016-04-06,21.36,8746500.0,21.11667,0.01763,21.4,20.59,20.99
2016-04-05,21.27,5079600.0,21.35,-0.00188,21.55,21.23,21.31
2016-04-04,21.62,5648900.0,21.73667,-0.00917,22.1,21.49,21.82
2016-04-01,21.92,6238400.0,21.64667,0.03592,22.0,21.02,21.16
2016-03-31,21.44,4851400.0,21.36333,0.00847,21.56,21.09,21.26
2016-03-30,21.29,7181500.0,21.37,-0.00885,21.68,21.14,21.48
2016-03-29,21.22,8404000.0,20.99667,0.0306,21.52,20.25,20.59
2016-03-28,20.45,5422500.0,20.41333,-0.00341,20.65,20.14,20.52
2016-03-24,20.52,7017700.0,20.48,0.00049,20.72,20.2,20.51
2016-03-23,20.76,3596000.0,20.85,-0.01611,21.11,20.68,21.1
2016-03-22,21.24,4605500.0,21.1,0.02017,21.26,20.8,20.82
2016-03-21,20.97,6711400.0,21.08,-0.02009,21.45,20.82,21.4
2016-03-18,21.42,11794700.0,21.40667,-0.0014,21.75,21.05,21.45
2016-03-17,20.95,8799900.0,21.13333,-0.01179,21.58,20.87,21.2
2016-03-16,21.2,6577300.0,21.04333,0.02614,21.3,20.63,20.66
2016-03-15,20.67,5182800.0,20.85667,-0.02362,21.43,20.47,21.17
2016-03-14,20.94,4929400.0,20.94333,0.01013,21.19,20.7,20.73
2016-03-11,20.81,4859800.0,20.71333,0.01463,20.83,20.5,20.51
2016-03-10,20.34,6494200.0,20.28333,0.00693,20.49,20.02,20.2
2016-03-09,20.05,9833900.0,19.92667,0.01984,20.18,19.55,19.66
2016-03-08,19.33,8082200.0,19.48333,-0.00973,19.84,19.28,19.52
2016-03-07,19.82,6151800.0,19.77333,0.01589,20.01,19.49,19.51
2016-03-04,19.81,10203300.0,19.92,-0.02797,20.39,19.56,20.38
2016-03-03,20.33,7424300.0,20.12667,0.01094,20.38,19.67,20.11
2016-03-02,20.27,7338400.0,20.16667,0.00896,20.46,19.77,20.09
2016-03-01,19.93,9277500.0,19.71667,0.02997,20.13,19.09,19.35
2016-02-29,18.93,5794500.0,18.95,0.00318,19.18,18.74,18.87
2016-02-26,18.87,6825100.0,18.79,0.00963,19.0,18.5,18.69
2016-02-25,18.34,7037300.0,18.18,0.00219,18.46,17.74,18.3
2016-02-24,18.25,6525500.0,18.01,0.01502,18.3,17.48,17.98
2016-02-23,18.22,6894500.0,18.39,-0.02306,18.81,18.14,18.65
2016-02-22,18.76,10291300.0,18.81333,-0.00688,19.08,18.6,18.89
2016-02-19,18.06,15891400.0,17.87667,-0.00933,18.23,17.34,18.23
2016-02-18,18.4,26320000.0,18.67,-0.05057,19.42,18.19,19.38
2016-02-17,20.07,13946200.0,19.82667,0.04152,20.14,19.27,19.27
2016-02-16,19.15,10125200.0,18.94667,0.02957,19.19,18.5,18.6
2016-02-12,18.11,11436700.0,17.89,0.04441,18.23,17.33,17.34
2016-02-11,16.93,8621900.0,16.86333,0.01014,17.15,16.51,16.76
2016-02-10,17.17,9199400.0,17.24,0.02507,17.8,16.75,16.75
2016-02-09,16.56,9303300.0,16.65,0.00364,17.21,16.18,16.5
2016-02-08,16.87,13193300.0,17.0,-0.04689,17.77,16.36,17.7
2016-02-05,17.88,10225500.0,18.08667,-0.04691,18.76,17.62,18.76
2016-02-04,18.77,7514600.0,18.80667,0.00751,19.18,18.47,18.63
2016-02-03,18.55,9291800.0,18.6,-0.03986,19.36,17.89,19.32
2016-02-02,19.09,7966100.0,19.30667,-0.03635,19.87,18.96,19.81
2016-02-01,20.05,6807300.0,19.93333,0.001,20.25,19.5,20.03
2016-01-29,20.08,8811600.0,19.89667,0.03133,20.17,19.44,19.47
2016-01-28,19.28,12525300.0,19.58,-0.03213,20.34,19.12,19.92
2016-01-27,19.47,7831000.0,19.46333,0.01301,19.79,19.13,19.22
2016-01-26,19.11,5806500.0,18.94667,0.00898,19.16,18.57,18.94
2016-01-25,18.89,4975900.0,19.16667,-0.02629,19.75,18.86,19.4
2016-01-22,19.34,6052600.0,19.37333,-0.00821,19.77,19.01,19.5
2016-01-21,19.02,6726400.0,19.01667,-0.00731,19.37,18.66,19.16
2016-01-20,19.11,14078900.0,18.72,-0.00157,19.5,17.55,19.14
2016-01-19,19.63,7816300.0,19.73,-0.033,20.3,19.26,20.3
2016-01-15,19.86,11496000.0,19.93,-0.01096,20.46,19.47,20.08
2016-01-14,20.27,7324900.0,20.11667,0.01249,20.57,19.51,20.02
2016-01-13,20.02,7829300.0,20.47667,-0.0623,21.5,19.91,21.35
2016-01-12,21.13,7450300.0,21.15333,0.0019,21.71,20.62,21.09
2016-01-11,20.83,6309100.0,20.77667,0.00241,21.09,20.41,20.78
2016-01-08,20.49,8428600.0,20.68333,-0.01632,21.21,20.35,20.83
2016-01-07,20.62,12776100.0,20.92333,-0.05064,21.8,20.35,21.72
2016-01-06,22.39,6746200.0,22.33667,0.0072,22.61,22.01,22.23
2016-01-05,22.75,8259600.0,22.64333,0.01563,22.97,22.21,22.4
2016-01-04,22.25,7464400.0,22.24,-0.02069,22.72,21.75,22.72
2015-12-31,22.72,2406200.0,22.72,0.01293,23.04,22.4,22.43
2015-12-30,22.52,2916500.0,22.67333,-0.01271,23.0,22.5,22.81
2015-12-29,22.94,2581000.0,22.86333,0.00658,23.05,22.6,22.79
2015-12-28,22.63,2684500.0,22.51,0.01343,22.74,22.16,22.33
2015-12-24,22.51,950700.0,22.46333,0.00401,22.58,22.3,22.42
2015-12-23,22.5,3113400.0,22.26667,0.02366,22.62,21.68,21.98
2015-12-22,21.74,2474800.0,21.66,0.00277,21.87,21.37,21.68
2015-12-21,21.62,3748900.0,21.43667,0.02077,21.64,21.05,21.18
2015-12-18,21.17,4918300.0,21.34667,-0.01029,21.73,21.14,21.39
2015-12-17,21.45,3276200.0,21.71,-0.03509,22.24,21.44,22.23
2015-12-16,22.08,6294900.0,21.85333,0.02985,22.18,21.3,21.44
2015-12-15,21.15,5937300.0,21.16667,0.00666,21.41,20.94,21.01
2015-12-14,20.81,9219300.0,20.70333,-0.00763,21.12,20.18,20.97
2015-12-11,21.05,8137200.0,21.28,-0.0304,21.8,20.99,21.71
2015-12-10,22.06,6631700.0,22.04667,-0.00316,22.35,21.73,22.13
2015-12-09,22.06,7775900.0,22.10333,-0.00943,22.64,21.61,22.27
2015-12-08,21.91,6003600.0,21.82333,0.00366,22.21,21.35,21.83
2015-12-07,22.32,3129600.0,22.4,-0.0137,22.69,22.19,22.63
2015-12-04,22.63,3944200.0,22.51333,0.01162,22.72,22.19,22.37
2015-12-03,22.39,6325900.0,22.76,-0.05047,23.6,22.29,23.58
2015-12-02,23.43,5795700.0,23.44,0.00991,23.78,23.11,23.2
2015-12-01,23.28,4233200.0,23.14,0.01438,23.33,22.81,22.95
2015-11-30,22.74,4063100.0,22.78,-0.00525,22.99,22.61,22.86
2015-11-27,22.77,1990300.0,22.75333,0.00485,22.98,22.51,22.66
2015-11-25,22.92,3235400.0,22.88667,-0.00607,23.11,22.63,23.06
2015-11-24,22.96,3817200.0,22.81333,0.02546,23.09,22.39,22.39
2015-11-23,22.67,3267700.0,22.63667,0.01296,22.86,22.38,22.38
2015-11-20,22.46,3970200.0,22.46667,-0.01014,22.75,22.19,22.69
2015-11-19,22.53,3534300.0,22.47,0.00312,22.72,22.16,22.46
2015-11-18,22.72,5170600.0,22.51,0.02021,22.78,22.03,22.27
2015-11-17,22.25,5824000.0,22.39,-0.02198,22.85,22.07,22.75
2015-11-16,22.63,5403300.0,22.45,0.00892,22.63,22.09,22.43
2015-11-13,22.51,3822800.0,22.58333,-0.00924,22.85,22.39,22.72
2015-11-12,22.8,4320200.0,23.01333,-0.01341,23.47,22.77,23.11
2015-11-11,23.3,2687600.0,23.33,-0.00935,23.55,23.14,23.52
2015-11-10,23.43,4137400.0,23.29333,0.01693,23.48,22.97,23.04
2015-11-09,23.32,6073700.0,23.25333,-0.00935,23.57,22.87,23.54
2015-11-06,23.84,5343000.0,23.93,-0.00584,24.23,23.72,23.98
2015-11-05,23.91,4186700.0,24.03,-0.00458,24.34,23.84,24.02
2015-11-04,24.03,5485300.0,24.06667,-0.01152,24.41,23.76,24.31
2015-11-03,24.14,8142600.0,23.87333,0.01943,24.19,23.29,23.68
2015-11-02,23.78,9844700.0,23.78333,0.01148,24.06,23.51,23.51
2015-10-30,23.19,9612800.0,23.09,0.00958,23.41,22.67,22.97
2015-10-29,22.8,22152500.0,22.89333,-0.01213,23.41,22.47,23.08
2015-10-28,21.76,11203100.0,21.55333,0.03079,21.8,21.1,21.11
2015-10-27,20.94,8462400.0,21.17333,-0.02695,21.78,20.8,21.52
2015-10-26,21.7,8233600.0,21.61,0.0183,21.83,21.3,21.31
2015-10-23,21.29,8744900.0,21.11,0.02208,21.36,20.68,20.83
2015-10-22,20.47,6905600.0,20.51667,-0.01634,20.86,20.22,20.81
2015-10-21,20.26,4659400.0,20.48,-0.03247,20.95,20.23,20.94
2015-10-20,20.97,3701000.0,21.02333,-0.00663,21.38,20.72,21.11
2015-10-19,21.0,4975000.0,21.02667,-0.01455,21.36,20.72,21.31
2015-10-16,21.55,6857700.0,21.45333,0.03011,21.9,20.91,20.92
2015-10-15,21.63,6349900.0,21.59,-0.01007,21.95,21.19,21.85
2015-10-14,21.22,4192600.0,21.22667,0.00094,21.46,21.0,21.2
2015-10-13,21.13,6920600.0,21.19,0.00956,21.63,20.81,20.93
2015-10-12,21.08,4679300.0,21.17,-0.00284,21.43,21.0,21.14
2015-10-09,21.23,5362100.0,21.09,0.00142,21.32,20.72,21.2
2015-10-08,21.14,6121500.0,21.00667,0.02224,21.26,20.62,20.68
2015-10-07,20.72,7569400.0,20.70667,0.00193,21.09,20.31,20.68
2015-10-06,20.44,6535100.0,20.4,0.0069,20.61,20.15,20.3
2015-10-05,20.3,10955700.0,20.05667,0.02422,20.49,19.38,19.82
2015-10-02,19.79,10626200.0,19.45667,0.05999,19.91,18.67,18.67
2015-10-01,18.67,6177300.0,18.53333,0.00919,18.74,18.19,18.5
2015-09-30,18.45,7616900.0,18.33333,0.01485,18.55,18.0,18.18
2015-09-29,17.76,11464200.0,17.99,-0.03162,18.59,17.62,18.34
2015-09-28,18.59,9091000.0,18.91667,-0.04959,19.61,18.55,19.56
2015-09-25,19.76,7843700.0,19.70667,0.0,19.89,19.47,19.76
2015-09-24,19.55,5734900.0,19.49333,0.0177,19.78,19.15,19.21
2015-09-23,19.36,6659000.0,19.34667,-0.00514,19.63,19.05,19.46
2015-09-22,19.63,6591100.0,19.70667,-0.01555,20.06,19.43,19.94
2015-09-21,20.4,3546100.0,20.52333,-0.01258,20.87,20.3,20.66
2015-09-18,20.66,6760000.0,20.68,0.00194,20.88,20.5,20.62
2015-09-17,20.96,5313300.0,21.07,-0.01179,21.4,20.85,21.21
2015-09-16,21.19,8068600.0,20.99,0.02466,21.26,20.52,20.68
2015-09-15,20.6,7476400.0,20.76,-0.02045,21.09,20.59,21.03
2015-09-14,21.0,3875000.0,20.86667,0.00575,21.0,20.6,20.88
2015-09-11,20.96,2961500.0,20.83333,0.01797,20.99,20.55,20.59
2015-09-10,20.72,8765600.0,20.78,-0.02172,21.25,20.37,21.18
2015-09-09,21.12,7427100.0,21.41333,-0.03119,22.05,21.07,21.8
2015-09-08,21.47,8422900.0,21.36333,0.0185,21.58,21.04,21.08
2015-09-04,20.48,4596100.0,20.39667,0.01638,20.66,20.05,20.15
2015-09-03,20.49,4474400.0,20.58333,0.00688,20.91,20.35,20.35
2015-09-02,20.26,4864100.0,20.10667,0.00796,20.27,19.79,20.1
2015-09-01,19.87,7213800.0,19.97333,-0.00201,20.34,19.71,19.91
2015-08-31,20.43,7085000.0,20.54333,-0.00681,20.99,20.21,20.57
2015-08-28,20.84,5266100.0,20.69,0.01907,20.84,20.39,20.45
2015-08-27,20.54,7687000.0,20.36667,0.027,20.64,19.92,20.0
2015-08-26,19.61,7616700.0,19.44,-0.00406,19.92,18.79,19.69
2015-08-25,19.21,7703200.0,19.60333,-0.05602,20.4,19.2,20.35
2015-08-24,19.54,12991100.0,18.76,0.07837,19.66,17.08,18.12
2015-08-21,20.59,10212900.0,20.65333,-0.01152,20.95,20.42,20.83
2015-08-20,21.28,7717400.0,21.45667,-0.01754,21.86,21.23,21.66
2015-08-19,22.07,5744700.0,22.09,-0.00809,22.46,21.74,22.25
2015-08-18,22.48,4687200.0,22.46667,0.0,22.63,22.29,22.48
2015-08-17,22.64,4756800.0,22.52,0.00757,22.75,22.17,22.47
2015-08-14,22.48,9937900.0,22.45,0.00672,22.69,22.18,22.33
2015-08-13,22.25,8563100.0,22.19333,0.00588,22.41,21.92,22.12
2015-08-12,22.07,9870100.0,21.85,0.01565,22.18,21.3,21.73
2015-08-11,22.18,10634900.0,22.17667,0.00271,22.58,21.77,22.12
2015-08-10,22.6,10823500.0,22.56667,0.00489,22.77,22.33,22.49
2015-08-07,22.2,9003800.0,22.18,0.01093,22.39,21.95,21.96
2015-08-06,21.99,11853800.0,22.11667,-0.02093,22.47,21.89,22.46
2015-08-05,22.36,15981000.0,22.37,0.01636,22.76,21.99,22.0
2015-08-04,21.75,33553300.0,21.27333,0.07994,21.98,20.09,20.14
2015-08-03,19.85,18628200.0,19.8,0.01327,20.05,19.5,19.59
2015-07-31,19.62,9339500.0,19.52667,0.0,19.72,19.24,19.62
2015-07-30,19.65,16209400.0,18.76,0.0662,19.79,16.84,18.43
2015-07-29,18.22,7041900.0,18.26333,0.0033,18.45,18.12,18.16
2015-07-28,18.01,8086700.0,17.89667,0.00783,18.11,17.57,17.87
2015-07-27,17.69,9880600.0,17.72667,-0.0073,17.97,17.52,17.82
2015-07-24,18.11,7396200.0,18.33333,-0.0367,18.8,18.09,18.8
2015-07-23,18.68,7963800.0,18.74,-0.01581,19.07,18.47,18.98
2015-07-22,18.52,7502000.0,18.48667,0.01313,18.73,18.21,18.28
2015-07-21,18.48,6813100.0,18.57667,-0.00054,18.82,18.43,18.49
2015-07-20,18.46,10758500.0,18.42333,-0.00216,18.57,18.24,18.5
2015-07-17,18.45,5981800.0,18.49667,-0.01178,18.7,18.34,18.67
2015-07-16,18.69,7922700.0,18.72333,0.0,18.95,18.53,18.69
2015-07-15,18.54,9166300.0,18.61667,-0.01697,18.98,18.33,18.86
2015-07-14,18.92,8955400.0,18.96667,0.00371,19.24,18.74,18.85
2015-07-13,18.85,9869500.0,18.80333,0.00587,19.05,18.51,18.74
2015-07-10,18.15,7388700.0,18.13667,0.0,18.24,18.02,18.15
2015-07-09,17.84,11142100.0,17.95667,-0.00279,18.26,17.77,17.89
2015-07-08,17.57,23308300.0,17.94,-0.05181,18.76,17.49,18.53
2015-07-07,19.05,18901900.0,18.72333,0.03196,19.24,17.88,18.46
2015-07-06,18.27,7132100.0,18.33333,-0.00164,18.56,18.17,18.3
2015-07-02,18.55,6537700.0,18.59667,-0.00855,18.8,18.44,18.71
2015-07-01,18.55,8998100.0,18.65667,-0.00855,18.96,18.46,18.71
2015-06-30,18.25,11973100.0,18.23667,0.00996,18.49,17.97,18.07
2015-06-29,17.58,13149600.0,17.74333,-0.02658,18.15,17.5,18.06
2015-06-26,18.38,10993200.0,18.36667,-0.00756,18.56,18.16,18.52
2015-06-25,18.64,6979200.0,18.63,-0.00587,18.8,18.45,18.75
2015-06-24,18.63,9662300.0,18.88333,-0.03771,19.43,18.59,19.36
2015-06-23,19.38,9875000.0,19.27333,0.01466,19.47,18.97,19.1
2015-06-22,19.09,7360000.0,19.28667,-0.02652,19.68,19.09,19.61
2015-06-19,19.5,9631900.0,19.51667,0.00051,19.64,19.41,19.49
2015-06-18,19.5,6778600.0,19.51,-0.00102,19.65,19.38,19.52
2015-06-17,19.42,9902800.0,19.34333,0.01146,19.48,19.13,19.2
2015-06-16,19.09,12755900.0,19.25333,-0.00313,19.64,19.03,19.15
2015-06-15,19.23,6668400.0,19.27667,-0.00104,19.43,19.17,19.25
2015-06-12,19.43,6142000.0,19.53,-0.0127,19.78,19.38,19.68
2015-06-11,19.82,6701200.0,19.67,0.01122,19.83,19.36,19.6
2015-06-10,19.53,5377200.0,19.52333,0.00205,19.64,19.4,19.49
2015-06-09,19.35,6771600.0,19.35,0.00781,19.51,19.19,19.2
2015-06-08,19.17,12287600.0,19.38333,-0.02542,19.83,19.15,19.67
2015-06-05,20.28,7621900.0,20.28333,0.00049,20.48,20.09,20.27
2015-06-04,20.28,15202600.0,20.27667,0.00645,20.58,19.97,20.15
2015-06-03,19.71,7628000.0,19.77,-0.00855,20.06,19.54,19.88
2015-06-02,19.77,3733600.0,19.73,0.01281,19.9,19.52,19.52
2015-06-01,19.58,6377300.0,19.69,-0.01904,19.99,19.5,19.96
2015-05-29,20.05,8360300.0,20.11,-0.00644,20.28,20.0,20.18
2015-05-28,20.19,7333000.0,20.06667,0.01815,20.21,19.8,19.83
2015-05-27,19.91,4945900.0,19.87,0.00101,19.96,19.74,19.89
2015-05-26,19.87,11332200.0,20.00333,-0.02166,20.36,19.78,20.31
2015-05-22,20.51,11485500.0,20.42333,0.01686,20.59,20.17,20.17
