,close,volume,vwap,changeOverTime
2015-05-18,17.45,1611500.0,17.38,0.01159
2015-05-19,17.78,2060800.0,17.7,0.01716
2015-05-20,17.64,2145700.0,17.69,-0.00899
2015-05-21,17.2,1205200.0,17.2,-0.00232
2015-05-22,17.39,1476200.0,17.31667,0.0134
2015-05-26,17.1,1671400.0,17.14333,-0.0127
2015-05-27,17.32,1747400.0,17.25667,0.01109
2015-05-28,17.2,1156100.0,17.23,-0.00521
2015-05-29,17.06,1435800.0,17.12,-0.00698
2015-06-01,17.09,1436500.0,17.12,-0.00117
2015-06-02,17.0,1508100.0,17.01667,-0.00176
2015-06-03,17.06,2674000.0,17.03667,0.00294
2015-06-04,16.92,2350600.0,16.97667,-0.00821
2015-06-05,16.83,3456700.0,16.90667,-0.00119
2015-06-08,16.61,1729500.0,16.69667,-0.01483
2015-06-09,16.63,1540600.0,16.62333,-0.00716
2015-06-10,15.93,18827400.0,15.96,-0.00375
2015-06-11,16.04,4143400.0,16.01333,0.00313
2015-06-12,16.01,2813200.0,16.03667,0.00063
2015-06-15,16.07,2605800.0,16.01333,0.00626
2015-06-16,16.07,2307800.0,16.07667,-0.00062
2015-06-17,16.05,2301800.0,16.01667,-0.00062
2015-06-18,16.23,3039200.0,16.23333,0.0087
2015-06-19,16.12,4686800.0,16.13667,-0.008
2015-06-22,16.12,4029000.0,16.10333,-0.00186
2015-06-23,16.0,2738300.0,16.03667,-0.00559
2015-06-24,15.81,3415400.0,15.88667,-0.01249
2015-06-25,15.4,5347500.0,15.54,-0.02716
2015-06-26,15.51,3807200.0,15.46667,0.0078
2015-06-29,15.34,3273500.0,15.38333,-0.00776
2015-06-30,15.24,2549500.0,15.32,-0.00975
2015-07-01,15.41,1907200.0,15.34333,0.01049
2015-07-02,15.3,1959400.0,15.36333,-0.01163
2015-07-06,15.36,1369700.0,15.35667,0.00458
2015-07-07,15.48,2384000.0,15.38667,0.00781
2015-07-08,15.24,1726400.0,15.32667,-0.01295
2015-07-09,15.11,3127200.0,15.18667,-0.01628
2015-07-10,15.49,3626000.0,15.51333,0.01908
2015-07-13,15.48,1365300.0,15.51,-0.00322
2015-07-14,15.54,1313600.0,15.56333,-0.00064
2015-07-15,15.53,1323800.0,15.49333,0.00129
2015-07-16,15.62,1874700.0,15.66,-0.00636
2015-07-17,15.74,1401900.0,15.72333,0.00639
2015-07-20,15.61,1143500.0,15.70333,-0.007
2015-07-21,15.73,2170000.0,15.7,0.00704
2015-07-22,15.82,937100.0,15.78667,0.00829
2015-07-23,15.76,1637000.0,15.79333,-0.00631
2015-07-24,15.43,1692900.0,15.54333,-0.02218
2015-07-27,15.32,1346200.0,15.33333,-0.00519
2015-07-28,15.38,1208900.0,15.32667,0.00261
2015-07-29,15.7,1406000.0,15.55667,0.02081
2015-07-30,15.74,1670400.0,15.69,0.00575
2015-07-31,15.69,4979300.0,15.73333,-0.00884
2015-08-03,15.74,1241900.0,15.70667,0.00255
2015-08-04,15.52,2596400.0,15.6,-0.01398
2015-08-05,15.22,4508100.0,15.23667,-0.02185
2015-08-06,14.61,6628400.0,14.67667,-0.03501
2015-08-07,14.46,3185400.0,14.5,-0.0055
2015-08-10,14.66,2522200.0,14.74667,-0.0061
2015-08-11,14.47,1644400.0,14.53333,-0.01026
2015-08-12,14.6,2315300.0,14.45333,0.00898
2015-08-13,14.54,1168100.0,14.57333,-0.00206
2015-08-14,14.68,963100.0,14.62333,0.01102
2015-08-17,15.07,2067100.0,14.94667,0.02587
2015-08-18,14.84,1576700.0,14.96,-0.01461
2015-08-19,15.07,2515600.0,14.98,0.0155
2015-08-20,14.85,2436300.0,14.96,-0.00469
2015-08-21,14.41,3407800.0,14.42333,-0.00621
2015-08-24,13.89,4769200.0,13.75333,0.01461
2015-08-25,13.82,3542900.0,13.93333,-0.01986
2015-08-26,14.08,2543300.0,13.99,0.00214
2015-08-27,14.23,1761000.0,14.18,0.00141
2015-08-28,14.29,2348600.0,14.35333,0.00705
2015-08-31,14.16,2227300.0,14.16667,-0.00701
2015-09-01,14.24,2638400.0,14.16667,0.02006
2015-09-02,14.21,1288900.0,14.21667,-0.00907
2015-09-03,14.14,1716900.0,14.16667,-0.00352
2015-09-04,14.03,918800.0,14.02,0.00143
2015-09-08,14.02,2806600.0,14.09667,-0.01752
2015-09-09,13.79,2083500.0,13.91333,-0.0192
2015-09-10,13.95,1474600.0,13.9,0.01381
2015-09-11,14.24,1849800.0,14.11,0.02668
2015-09-14,14.16,1342400.0,14.21,-0.00562
2015-09-15,14.25,1448200.0,14.19,0.00565
2015-09-16,14.39,1032200.0,14.35333,0.00912
2015-09-17,14.79,1631400.0,14.68667,0.0278
2015-09-18,14.5,5530500.0,14.57667,-0.00617
2015-09-21,14.44,1961800.0,14.61333,-0.01568
2015-09-22,14.54,2889800.0,14.55333,0.01183
2015-09-23,14.73,1995600.0,14.67667,0.01029
2015-09-24,14.5,2435600.0,14.58,-0.01428
2015-09-25,13.9,3190900.0,14.12333,-0.04598
2015-09-28,13.2,5992900.0,13.40333,-0.05104
2015-09-29,12.82,4479600.0,12.90667,-0.02805
2015-09-30,13.1,4699700.0,13.02333,0.0108
2015-10-01,12.4,3341000.0,12.51667,-0.02208
2015-10-02,12.81,5145900.0,12.66333,0.03641
2015-10-05,13.07,2651400.0,13.03667,0.01239
2015-10-06,12.92,2187800.0,13.01333,-0.01374
2015-10-07,13.05,1948200.0,13.08333,0.00385
2015-10-08,13.01,2285700.0,13.04667,-0.00307
2015-10-09,13.0,2094300.0,12.97667,-0.00383
2015-10-12,12.93,1157800.0,12.97,-0.00538
2015-10-13,12.61,1526200.0,12.72,-0.01715
2015-10-14,12.41,2232800.0,12.49667,-0.01897
2015-10-15,12.73,1713200.0,12.61,0.02661
2015-10-16,12.98,1582100.0,12.89333,0.01644
2015-10-19,13.0,1615300.0,13.05,-0.00763
2015-10-20,12.99,1394100.0,12.99667,0.00309
2015-10-21,12.79,1341100.0,12.91,-0.01917
2015-10-22,12.53,2036300.0,12.65,-0.02414
2015-10-23,12.41,2782200.0,12.42333,-0.01116
2015-10-26,12.41,1695000.0,12.43333,-0.00161
2015-10-27,12.04,3585200.0,12.08333,-0.02825
2015-10-28,12.28,2481600.0,12.18,0.01993
2015-10-29,12.1,1377900.0,12.12333,-0.00901
2015-10-30,12.13,1900400.0,12.13,-0.00736
2015-11-02,12.41,2886600.0,12.28333,0.02393
2015-11-03,12.41,3223200.0,12.5,-0.01116
2015-11-04,12.11,3941600.0,12.18667,-0.0226
2015-11-05,12.2,3063800.0,12.10667,0.00743
2015-11-06,12.85,7323000.0,12.66,0.05936
2015-11-09,12.84,4335100.0,12.84,0.00548
2015-11-10,13.01,2850800.0,12.94667,0.01324
2015-11-11,12.71,2276700.0,12.80667,-0.02306
2015-11-12,12.21,2245000.0,12.37333,-0.03631
2015-11-13,12.07,2190500.0,12.11,-0.01066
2015-11-16,12.24,1510600.0,12.19333,0.01408
2015-11-17,11.83,3683000.0,11.98333,-0.03507
2015-11-18,11.93,2663100.0,11.94667,0.00505
2015-11-19,11.79,2184400.0,11.82667,-0.01091
2015-11-20,11.77,2698800.0,11.81667,-0.00591
2015-11-23,11.68,2940400.0,11.74333,-0.00849
2015-11-24,11.86,2909700.0,11.76,0.01454
2015-11-25,12.07,2353700.0,11.96333,0.01514
2015-11-27,12.41,1305000.0,12.31667,0.02224
2015-11-30,12.72,4981300.0,12.65333,0.02581
2015-12-01,12.49,2823900.0,12.61,-0.02193
2015-12-02,12.29,2258800.0,12.34667,-0.01443
2015-12-03,12.23,3011800.0,12.23,-0.00488
2015-12-04,12.04,3282000.0,12.10333,-0.01554
2015-12-07,11.7,3616600.0,11.76667,-0.02419
2015-12-08,11.63,2799000.0,11.59667,0.0
2015-12-09,11.7,3634000.0,11.7,-0.00085
2015-12-10,11.67,1629500.0,11.7,-0.00427
2015-12-11,11.05,4118800.0,11.20667,-0.04823
2015-12-14,10.43,5541800.0,10.65,-0.05781
2015-12-15,11.08,3569600.0,10.89333,0.06334
2015-12-16,12.05,8302400.0,11.77,0.07782
2015-12-17,12.23,5765700.0,12.29333,0.01242
2015-12-18,12.45,7749700.0,12.38667,0.01882
2015-12-21,13.01,7315800.0,12.89,0.0408
2015-12-22,13.01,3307500.0,13.09333,0.0
2015-12-23,13.07,4184800.0,13.08667,-0.00076
2015-12-24,12.97,2501700.0,13.03333,-0.01519
2015-12-28,12.63,3198700.0,12.71333,-0.02471
2015-12-29,12.16,3473300.0,12.16,-0.00977
2015-12-30,11.98,2236300.0,12.02667,-0.01642
2015-12-31,12.16,3058000.0,12.07667,0.01928
2016-01-04,12.12,3587500.0,12.12333,-0.00411
2016-01-05,12.18,2325500.0,12.15,0.00247
2016-01-06,12.25,4141400.0,12.28333,-0.00244
2016-01-07,11.77,4820300.0,11.90333,-0.03048
2016-01-08,11.54,2694400.0,11.68,-0.03269
2016-01-11,11.72,2928500.0,11.65,0.01034
2016-01-12,11.4,3624600.0,11.51,-0.03308
2016-01-13,10.47,7316100.0,10.70333,-0.08158
2016-01-14,10.39,7217800.0,10.01333,-0.00859
2016-01-15,10.18,4239500.0,10.10667,0.02106
2016-01-19,9.93,5280300.0,10.07333,-0.05698
2016-01-20,9.96,7037900.0,9.70667,0.01117
2016-01-21,10.1,4916500.0,10.12333,0.01101
2016-01-22,10.6,4022100.0,10.66,0.02021
2016-01-25,10.16,5170400.0,10.26333,-0.03879
2016-01-26,10.65,3219600.0,10.53667,0.04207
2016-01-27,10.76,4568400.0,10.88333,0.00561
2016-01-28,10.74,2053000.0,10.82,-0.01014
2016-01-29,11.39,4116100.0,11.21333,0.03923
2016-02-01,11.28,2689800.0,11.28,-0.00441
2016-02-02,10.76,3030900.0,10.89333,-0.03757
2016-02-03,10.75,2392000.0,10.63667,-0.00555
2016-02-04,10.64,2900700.0,10.72333,-0.00561
2016-02-05,10.59,3373700.0,10.5,0.00379
2016-02-08,10.23,4124600.0,10.24333,-0.02292
2016-02-09,10.03,3071700.0,9.97333,-0.00397
2016-02-10,10.01,1681200.0,10.04667,-0.00596
2016-02-11,9.86,1655900.0,9.83,0.00102
2016-02-12,10.15,1332500.0,10.07333,0.02319
2016-02-16,10.66,2062300.0,10.53333,0.04
2016-02-17,10.91,1944900.0,10.85667,0.02058
2016-02-18,10.83,1443500.0,10.81333,-0.01096
2016-02-19,10.91,1262100.0,10.83667,0.00553
2016-02-22,11.1,1396300.0,11.08667,0.00909
2016-02-23,11.08,1517500.0,11.12667,0.0009
2016-02-24,11.58,2787900.0,11.36333,0.02751
2016-02-25,11.56,3268100.0,11.57,-0.00345
2016-02-26,11.68,2355100.0,11.74333,0.00344
2016-02-29,11.71,2571100.0,11.68667,0.00343
2016-03-01,10.41,9605400.0,10.84667,-0.11705
2016-03-02,11.04,5076600.0,10.87333,0.02602
2016-03-03,11.2,2218700.0,11.17667,0.01449
2016-03-04,11.28,2305800.0,11.30667,0.00267
2016-03-07,11.46,2164500.0,11.39,0.01776
2016-03-08,11.02,2676200.0,11.13667,-0.03418
2016-03-09,11.18,1737400.0,11.1,0.0063
2016-03-10,11.11,1317500.0,11.09667,-0.00626
2016-03-11,11.56,1876000.0,11.44,0.03214
2016-03-14,11.41,1969800.0,11.38333,-0.00523
2016-03-15,11.23,1405100.0,11.26333,-0.0097
2016-03-16,11.6,1779200.0,11.46667,0.03664
2016-03-17,11.62,2089400.0,11.55333,0.00868
2016-03-18,11.73,2232200.0,11.69333,0.00256
2016-03-21,11.66,2226900.0,11.67333,0.0
2016-03-22,11.58,2393000.0,11.57333,-0.00172
2016-03-23,11.56,2079200.0,11.66,-0.00516
2016-03-24,11.51,2023400.0,11.45,-0.00087
2016-03-28,11.71,2049500.0,11.68,0.01649
2016-03-29,11.9,3694900.0,11.80667,0.01536
2016-03-30,11.89,5305200.0,11.96,-0.00917
2016-03-31,11.63,2902100.0,11.57333,0.0175
2016-04-01,11.59,2515500.0,11.64667,0.0026
2016-04-04,11.45,1777800.0,11.52667,-0.01293
2016-04-05,11.41,1760800.0,11.44333,0.00088
2016-04-06,11.56,2124600.0,11.54667,0.01226
2016-04-07,11.69,2587600.0,11.70333,0.01476
2016-04-08,11.61,3215400.0,11.68,-0.01443
2016-04-11,11.65,2499800.0,11.69,0.0
2016-04-12,11.61,2012700.0,11.64,-0.00343
2016-04-13,11.87,1544000.0,11.79667,0.01627
2016-04-14,11.84,1661100.0,11.79667,-0.00084
2016-04-15,11.9,1457000.0,11.87667,0.00592
2016-04-18,11.9,2966300.0,11.89,0.00168
2016-04-19,12.03,2010400.0,12.01333,0.00754
2016-04-20,12.12,4343400.0,12.09,0.00832
2016-04-21,11.99,3908900.0,12.06,-0.01236
2016-04-22,12.0,2383100.0,11.97667,0.00083
2016-04-25,12.05,2271800.0,12.0,0.00417
2016-04-26,12.29,1724400.0,12.21667,0.01403
2016-04-27,12.38,1930700.0,12.37667,0.00162
2016-04-28,12.12,2259400.0,12.16667,-0.01623
2016-04-29,12.1,2217700.0,12.09333,-0.00329
2016-05-02,12.17,1599800.0,12.14,-0.00082
2016-05-03,12.08,2788800.0,12.07667,-0.00248
2016-05-04,12.3,4091100.0,12.19,0.01235
2016-05-05,12.71,5009200.0,12.58333,0.03166
2016-05-06,12.76,2832200.0,12.77333,0.00472
2016-05-09,13.22,5441400.0,13.10333,0.0312
2016-05-10,13.25,2323200.0,13.20333,-0.00151
2016-05-11,13.2,2343800.0,13.23667,0.00076
2016-05-12,13.37,1977600.0,13.35333,0.00678
2016-05-13,13.34,1867800.0,13.33667,0.00225
2016-05-16,13.39,2070600.0,13.36,0.00526
2016-05-17,13.4,2716900.0,13.45,0.00224
2016-05-18,13.38,4525700.0,13.36,0.00602
2016-05-19,13.16,4373900.0,13.17333,-0.01275
2016-05-20,13.33,2048500.0,13.27333,0.00908
2016-05-23,13.2,2843500.0,13.26667,-0.01345
2016-05-24,13.4,2423200.0,13.34667,0.0098
2016-05-25,13.5,1293100.0,13.44,0.00897
2016-05-26,13.54,1140400.0,13.53,0.00669
2016-05-27,13.55,1156400.0,13.55333,0.00222
2016-05-31,13.58,2592300.0,13.55667,0.00295
2016-06-01,13.76,1920600.0,13.66667,0.01926
2016-06-02,13.68,1783900.0,13.66333,-0.00364
2016-06-03,13.71,1879900.0,13.71,0.00073
2016-06-06,13.74,1589300.0,13.75667,0.00219
2016-06-07,13.82,1875000.0,13.84333,0.00509
2016-06-08,13.86,1800200.0,13.85,0.00217
2016-06-09,13.9,1521200.0,13.86333,0.00361
2016-06-10,13.76,1846200.0,13.79333,-0.0065
2016-06-13,13.45,2362400.0,13.52,-0.01825
2016-06-14,13.28,2714800.0,13.31333,-0.00896
2016-06-15,13.4,2122900.0,13.37667,0.00904
2016-06-16,13.31,2675900.0,13.26,-0.00449
2016-06-17,13.37,3323100.0,13.4,0.00225
2016-06-20,13.43,2014600.0,13.46,-0.00666
2016-06-21,13.4,1609500.0,13.38333,-0.00223
2016-06-22,13.19,1771500.0,13.28,-0.02079
2016-06-23,13.37,2254900.0,13.36667,0.00225
2016-06-24,13.07,5244400.0,13.14,0.00153
2016-06-27,12.77,3382100.0,12.80333,-0.0192
2016-06-28,13.27,2846500.0,13.17,0.0053
2016-06-29,13.44,2202100.0,13.40667,0.00674
2016-06-30,13.84,4107700.0,13.68667,0.029
2016-07-01,13.88,3330000.0,13.88667,0.00362
2016-07-05,13.05,4674200.0,13.18,-0.0369
2016-07-06,13.04,3691000.0,12.95667,0.00617
2016-07-07,12.85,2508300.0,12.89333,-0.0123
2016-07-08,12.97,3109300.0,12.96333,0.00077
2016-07-11,13.14,1512100.0,13.06667,0.01155
2016-07-12,13.25,2084500.0,13.23333,0.00837
2016-07-13,13.26,1545500.0,13.25333,0.00075
2016-07-14,13.03,2170000.0,13.12,-0.01883
2016-07-15,13.1,1047000.0,13.07333,0.00306
2016-07-18,13.25,991900.0,13.19333,0.01222
2016-07-19,13.38,1530700.0,13.33667,0.00981
2016-07-20,13.47,1038500.0,13.43667,0.00522
2016-07-21,13.4,2087300.0,13.41,0.0
2016-07-22,13.49,2325600.0,13.44333,0.00973
2016-07-25,13.49,2719200.0,13.47,0.00297
2016-07-26,13.5,1892600.0,13.49,-0.00148
2016-07-27,13.46,1946100.0,13.44,-0.00444
2016-07-28,13.56,2497400.0,13.51667,0.00818
2016-07-29,13.67,1787700.0,13.62,0.00515
2016-08-01,13.65,2232200.0,13.66333,-0.00219
2016-08-02,13.91,2823400.0,13.88,0.00288
2016-08-03,14.11,2934200.0,14.04667,0.01438
2016-08-04,14.0,2471000.0,13.99,-0.0106
2016-08-05,14.23,2512600.0,14.15333,0.01498
2016-08-08,14.23,2069800.0,14.22667,-0.0014
2016-08-09,14.81,3990700.0,14.64667,0.0393
2016-08-10,14.48,5140500.0,14.57,-0.02228
2016-08-11,14.11,17518600.0,14.11667,0.0
2016-08-12,14.13,3453200.0,14.16667,-0.00071
2016-08-15,14.13,4633600.0,14.15667,-0.00423
2016-08-16,13.95,3860600.0,14.01,-0.01134
2016-08-17,13.98,2727700.0,13.93667,-0.00143
2016-08-18,14.08,1920400.0,14.08333,0.00571
2016-08-19,14.03,2241700.0,14.01,-0.00355
2016-08-22,14.03,1016200.0,14.04333,0.00071
2016-08-23,14.15,1909100.0,14.12,0.00212
2016-08-24,14.11,1360200.0,14.14333,-0.00353
2016-08-25,14.15,1308100.0,14.12667,0.00355
2016-08-26,13.94,3513800.0,13.96667,-0.01484
2016-08-29,14.14,2720400.0,14.15333,0.01217
2016-08-30,14.25,1564300.0,14.17667,0.00778
2016-08-31,14.35,4305500.0,14.30667,0.00631
2016-09-01,14.28,1971500.0,14.27667,-0.00695
2016-09-02,14.45,1461900.0,14.41,0.00767
2016-09-06,14.41,1597100.0,14.42667,-0.00277
2016-09-07,14.61,2036300.0,14.53333,0.01599
2016-09-08,14.51,2211700.0,14.57333,-0.00616
2016-09-09,14.1,4032600.0,14.21,-0.02355
2016-09-12,14.29,3621800.0,14.16,0.01999
2016-09-13,14.23,3072600.0,14.22667,0.00353
2016-09-14,14.41,2506000.0,14.39333,0.0091
2016-09-15,14.37,3075900.0,14.39333,-0.00416
2016-09-16,14.36,4321800.0,14.34333,0.00209
2016-09-19,14.6,2826100.0,14.55333,0.01319
2016-09-20,14.51,1941700.0,14.52667,-0.00956
2016-09-21,14.48,3341300.0,14.46,-0.00549
2016-09-22,14.45,2997200.0,14.47667,-0.00824
2016-09-23,14.26,2536800.0,14.33333,-0.00834
2016-09-26,14.32,4241900.0,14.36,0.0014
2016-09-27,14.42,3097200.0,14.40667,0.00418
2016-09-28,14.32,3843000.0,14.32667,-0.01173
2016-09-29,13.78,3043200.0,13.83333,-0.00935
2016-09-30,13.81,2219900.0,13.81,0.0
2016-10-03,13.68,2085200.0,13.73667,-0.01156
2016-10-04,13.43,2905500.0,13.48,-0.01899
2016-10-05,13.48,1923900.0,13.48667,0.00223
2016-10-06,13.73,3739500.0,13.63333,0.0103
2016-10-07,13.65,2177500.0,13.71667,-0.00943
2016-10-10,13.79,1521100.0,13.79333,0.00657
2016-10-11,13.69,1349500.0,13.73,-0.00797
2016-10-12,13.8,1802600.0,13.76333,0.0073
2016-10-13,13.93,2608600.0,13.86,0.01531
2016-10-14,13.8,962700.0,13.86667,-0.01429
2016-10-17,13.73,1463700.0,13.77667,-0.00651
2016-10-18,13.81,1241600.0,13.84333,-0.00289
2016-10-19,13.97,1183200.0,13.94667,0.00648
2016-10-20,13.96,1412800.0,13.95333,-0.00286
2016-10-21,13.86,1949900.0,13.89667,0.0
2016-10-24,13.99,2180900.0,13.94333,0.00503
2016-10-25,14.1,1410100.0,14.06333,0.00714
2016-10-26,13.97,1231400.0,13.99,-0.00214
2016-10-27,13.88,1848100.0,13.93333,-0.00644
2016-10-28,13.92,1659300.0,13.91667,-0.00358
2016-10-31,13.96,1530300.0,13.95667,-0.00143
2016-11-01,13.83,4544900.0,13.82,-0.0086
2016-11-02,13.76,2355800.0,13.79333,-0.00865
2016-11-03,13.88,1665500.0,13.87667,0.0058
2016-11-04,14.03,2767800.0,13.99333,0.00935
2016-11-07,14.25,2621100.0,14.20667,0.00921
2016-11-08,14.21,1759400.0,14.21333,-0.00211
2016-11-09,14.23,3745200.0,14.13333,0.02007
2016-11-10,14.22,3620400.0,14.23,-0.00281
2016-11-11,14.22,3020200.0,14.21,0.0
2016-11-14,14.14,2942600.0,14.19,-0.01119
2016-11-15,14.4,3251900.0,14.3,0.01911
2016-11-16,14.35,3018700.0,14.38667,-0.00347
2016-11-17,14.45,4721500.0,14.41,0.00417
2016-11-18,14.68,2402500.0,14.61667,0.01241
2016-11-21,15.07,3831500.0,14.95,0.02517
2016-11-22,15.32,2707100.0,15.26333,0.01256
2016-11-23,15.19,3058900.0,15.21,-0.00849
2016-11-25,15.29,956200.0,15.26667,0.00262
2016-11-28,15.33,1707000.0,15.34667,0.0
2016-11-29,15.47,2067500.0,15.45,0.00913
2016-11-30,15.45,3094700.0,15.41333,-0.00323
2016-12-01,15.35,2208700.0,15.36,-0.00968
2016-12-02,15.38,1948400.0,15.41,0.00065
2016-12-05,15.8,2359700.0,15.68667,0.02199
2016-12-06,15.98,2033100.0,15.91667,0.01267
2016-12-07,16.08,3007300.0,16.03667,0.00563
2016-12-08,16.18,2779000.0,16.16333,0.00622
2016-12-09,16.07,3204600.0,16.06333,-0.00925
2016-12-12,15.92,2784300.0,15.98667,-0.00995
2016-12-13,15.95,2390700.0,15.99333,0.0
2016-12-14,15.79,2461400.0,15.82,-0.01127
2016-12-15,15.74,2691200.0,15.77,0.0
2016-12-16,15.96,3402500.0,15.93667,0.01013
2016-12-19,16.17,3146400.0,16.11667,0.00748
2016-12-20,16.34,2756300.0,16.27667,0.01051
2016-12-21,16.36,2204400.0,16.35667,0.00122
2016-12-22,16.26,3134300.0,16.24667,-0.00672
2016-12-23,16.28,1954600.0,16.23,0.00185
2016-12-27,16.07,2671700.0,16.14667,-0.01411
2016-12-28,15.57,3406400.0,15.60667,-0.01017
2016-12-29,15.63,2072200.0,15.59,0.00709
2016-12-30,15.72,1912700.0,15.72333,-0.00506
2017-01-03,15.81,2856000.0,15.77667,0.00445
2017-01-04,15.93,2163700.0,15.89333,0.00252
2017-01-05,15.96,1515800.0,15.93667,0.00188
2017-01-06,15.96,1185300.0,15.97,-0.0025
2017-01-09,15.96,1247300.0,15.98667,-0.00375
2017-01-10,16.09,2345700.0,16.04667,0.00625
2017-01-11,16.12,1422900.0,16.12,0.00186
2017-01-12,16.02,1565100.0,16.02,-0.00497
2017-01-13,16.03,1281300.0,16.03333,0.00062
2017-01-17,15.93,1486800.0,15.98333,-0.00748
2017-01-18,15.9,2007200.0,15.9,-0.00438
2017-01-19,15.88,865900.0,15.87,-0.00126
2017-01-20,16.0,1190100.0,15.96667,0.00629
2017-01-23,16.1,1895700.0,16.07667,0.00374
2017-01-24,16.16,2384200.0,16.13333,0.00373
2017-01-25,16.21,1654700.0,16.19333,0.00309
2017-01-26,16.25,1740700.0,16.24667,0.00247
2017-01-27,16.27,1508400.0,16.26,-0.00245
2017-01-30,15.66,10872600.0,15.87,-0.03274
2017-01-31,15.15,53223000.0,15.16667,0.00598
2017-02-01,15.51,13452400.0,15.43333,0.01373
2017-02-02,15.75,9563700.0,15.72667,0.01026
2017-02-03,15.78,6674200.0,15.82333,-0.00755
2017-02-06,15.78,5293800.0,15.83,-0.00316
2017-02-07,15.78,4994700.0,15.81667,-0.00379
2017-02-08,15.66,6283800.0,15.70333,-0.00823
2017-02-09,15.8,5864000.0,15.75667,0.00894
2017-02-10,15.9,5999700.0,15.91,0.00126
2017-02-13,16.08,4413000.0,16.06667,0.005
2017-02-14,16.33,4883300.0,16.21333,0.01429
2017-02-15,16.25,4168500.0,16.22,-0.00307
2017-02-16,16.24,5493900.0,16.26667,-0.00184
2017-02-17,16.18,3453700.0,16.16667,-0.00369
2017-02-21,16.51,5346600.0,16.43667,0.00061
2017-02-22,16.67,4929100.0,16.65667,0.00847
2017-02-23,16.66,3907300.0,16.64667,-0.0018
2017-02-24,16.68,3157300.0,16.66333,0.00361
2017-02-27,16.77,4712200.0,16.76,0.00119
2017-02-28,16.87,9455400.0,16.79667,0.00716
2017-03-01,16.88,4351900.0,16.86667,0.00059
2017-03-02,16.88,4218300.0,16.89667,0.0
2017-03-03,17.0,3507800.0,16.91667,0.00413
2017-03-06,17.0,3264700.0,16.96,0.0
2017-03-07,17.0,3430600.0,16.99667,0.0
2017-03-08,16.81,4092600.0,16.85333,-0.01176
2017-03-09,16.66,4338700.0,16.69667,-0.00715
2017-03-10,16.7,3904300.0,16.69667,0.0006
2017-03-13,16.68,2689000.0,16.71333,-0.00358
2017-03-14,16.54,2776100.0,16.58333,-0.01077
2017-03-15,16.82,5300500.0,16.76,0.01325
2017-03-16,16.94,3613500.0,16.92,0.00118
2017-03-17,17.08,5914100.0,17.05333,0.00708
2017-03-20,17.15,3660300.0,17.13,0.00292
2017-03-21,17.11,4640100.0,17.13,-0.00639
2017-03-22,17.09,5970300.0,17.07333,-0.00117
2017-03-23,16.65,5383400.0,16.63667,0.0
2017-03-24,16.6,2976000.0,16.64,-0.0042
2017-03-27,16.62,3024100.0,16.56667,0.00605
2017-03-28,16.85,2808100.0,16.77,0.01384
2017-03-29,16.87,2566000.0,16.88,0.00119
2017-03-30,17.03,1869900.0,16.97,0.00948
2017-03-31,16.98,2324400.0,17.02,-0.00118
2017-04-03,17.06,2159300.0,17.00333,0.00353
2017-04-04,17.15,2198500.0,17.10333,0.00528
2017-04-05,16.99,3223300.0,17.08333,-0.01106
2017-04-06,17.1,2622300.0,17.03333,0.00825
2017-04-07,16.99,1996800.0,17.04667,-0.00643
2017-04-10,17.14,1901900.0,17.12,0.00587
2017-04-11,17.25,2365900.0,17.21333,0.00524
2017-04-12,17.28,2602300.0,17.28,0.00116
2017-04-13,17.42,3812800.0,17.37333,0.00635
2017-04-17,17.7,3395600.0,17.60333,0.01724
2017-04-18,17.74,3051600.0,17.7,0.00226
2017-04-19,17.75,3167500.0,17.78,-0.00393
2017-04-20,16.39,29695300.0,16.53667,-0.08025
2017-04-21,16.34,15517100.0,16.54333,-0.02506
2017-04-24,16.27,10076300.0,16.13333,-0.00672
2017-04-25,16.54,5929400.0,16.47667,0.01472
2017-04-26,16.81,4272900.0,16.75,0.01143
2017-04-27,16.9,4283100.0,16.89,0.00059
2017-04-28,16.67,4076600.0,16.75,-0.0171
2017-05-01,17.06,6812800.0,16.97333,0.00827
2017-05-02,16.95,6037400.0,16.92667,-0.00294
2017-05-03,16.72,3666500.0,16.79667,-0.01299
2017-05-04,16.73,2579900.0,16.7,0.0
2017-05-05,16.73,1971600.0,16.73333,0.0012
2017-05-08,16.45,3430500.0,16.55,-0.01556
2017-05-09,16.21,4462900.0,16.29333,-0.01459
2017-05-10,16.26,2701000.0,16.27333,0.0037
2017-05-11,16.17,4323800.0,16.17,-0.00798
2017-05-12,16.1,2512400.0,16.13,-0.00433
2017-05-15,16.09,3750800.0,16.09667,-0.00433
2017-05-16,16.05,3535500.0,16.1,-0.00434
2017-05-17,15.87,4210600.0,15.92667,-0.00813
2017-05-18,15.83,3795700.0,15.84333,-0.0069
2017-05-19,16.06,2539600.0,16.01,0.01389
2017-05-22,16.27,2202600.0,16.24333,0.00931
2017-05-23,16.33,2240400.0,16.33333,0.0
2017-05-24,16.45,1720100.0,16.43,0.00305
2017-05-25,16.52,2245700.0,16.53667,0.00243
2017-05-26,16.55,1620900.0,16.49667,0.00182
2017-05-30,16.11,3593800.0,16.25,-0.02659
2017-05-31,16.09,2496900.0,16.1,-0.00124
2017-06-01,16.29,2336000.0,16.24333,0.01306
2017-06-02,16.39,1728500.0,16.40667,0.00306
2017-06-05,16.15,1970700.0,16.22667,-0.01223
2017-06-06,16.0,3151800.0,16.0,-0.00929
2017-06-07,16.01,1837000.0,16.00333,-0.00062
2017-06-08,16.23,1405400.0,16.18,0.01311
2017-06-09,16.33,1771400.0,16.30667,0.00678
2017-06-12,16.5,2079600.0,16.45,0.00856
2017-06-13,16.65,2157000.0,16.59,0.00909
2017-06-14,16.68,5450800.0,16.58333,0.00664
2017-06-15,16.68,2195000.0,16.64333,0.00482
2017-06-16,16.73,5092700.0,16.69,0.01149
2017-06-19,16.91,2513400.0,16.86667,0.00715
2017-06-20,16.11,7826200.0,16.30333,-0.03591
2017-06-21,16.03,4106100.0,16.11667,-0.01049
2017-06-22,16.77,5259500.0,16.67333,0.01513
2017-06-23,16.59,32717100.0,16.68,-0.01309
2017-06-26,16.44,6811400.0,16.49,-0.01557
2017-06-27,16.27,7243900.0,16.34,-0.01394
2017-06-28,16.28,9404600.0,16.25,-0.00184
2017-06-29,15.89,5482100.0,15.87667,-0.00251
2017-06-30,15.56,6596200.0,15.68,-0.02323
2017-07-03,15.82,2141700.0,15.75333,0.01345
2017-07-05,15.57,4151100.0,15.66,-0.01456
2017-07-06,15.3,4960600.0,15.38667,-0.01544
2017-07-07,15.34,4264500.0,15.25667,0.00261
2017-07-10,15.33,3496600.0,15.32667,-0.00065
2017-07-11,15.41,2647400.0,15.40667,0.00456
2017-07-12,15.47,2158200.0,15.5,0.00065
2017-07-13,15.36,3674000.0,15.39,-0.00903
2017-07-14,15.52,4986400.0,15.5,0.00845
2017-07-17,15.72,2763300.0,15.71667,0.00576
2017-07-18,15.65,3091600.0,15.62,-0.00064
2017-07-19,15.73,2214900.0,15.72,0.0064
2017-07-20,15.92,2938100.0,15.91667,0.00696
2017-07-21,15.96,1683400.0,15.95,0.00063
2017-07-24,15.95,2119300.0,15.99,-0.00063
2017-07-25,15.92,2040200.0,15.96667,-0.00438
2017-07-26,16.0,1890400.0,15.96667,0.00251
2017-07-27,16.23,2981900.0,16.14667,0.01248
2017-07-28,16.04,2952200.0,16.09667,-0.01535
2017-07-31,17.0,8937800.0,16.84667,0.02102
2017-08-01,17.15,5239200.0,17.12667,0.00823
2017-08-02,17.07,3800500.0,17.07667,-0.00582
2017-08-03,16.79,2832400.0,16.87,-0.0164
2017-08-04,16.83,2822500.0,16.75,-0.00059
2017-08-07,16.75,2645300.0,16.76,-0.0077
2017-08-08,16.66,2391300.0,16.68667,-0.00656
2017-08-09,16.69,1826200.0,16.62,0.00785
2017-08-10,16.5,2565800.0,16.56,-0.00662
2017-08-11,16.56,2172600.0,16.48333,0.00791
2017-08-14,16.59,2083800.0,16.62667,-0.0006
2017-08-15,16.7,1886500.0,16.65667,0.00602
2017-08-16,16.84,1872200.0,16.79667,0.00658
2017-08-17,16.63,1663900.0,16.70333,-0.01247
2017-08-18,16.55,1933600.0,16.57333,-0.00541
2017-08-21,16.6,1925300.0,16.57333,0.0
2017-08-22,16.66,2029900.0,16.64667,0.00361
2017-08-23,16.57,2486800.0,16.58667,-0.0048
2017-08-24,16.53,2185000.0,16.54333,-0.00302
2017-08-25,16.62,1718200.0,16.58667,-0.0024
2017-08-28,16.56,2750000.0,16.62333,-0.00541
2017-08-29,16.48,2158600.0,16.49667,-0.00121
2017-08-30,16.37,2327100.0,16.41,-0.00667
2017-08-31,16.48,1902800.0,16.47333,0.00365
2017-09-01,16.66,2162800.0,16.6,0.01031
2017-09-05,16.4,3420100.0,16.48,-0.0162
2017-09-06,16.43,1644300.0,16.42333,-0.00061
2017-09-07,16.36,1677400.0,16.37333,-0.00668
2017-09-08,16.36,1579800.0,16.33667,-0.00122
2017-09-11,16.47,1772800.0,16.45667,0.00427
2017-09-12,16.52,2112700.0,16.48333,0.00182
2017-09-13,16.46,2194900.0,16.46,-0.00363
2017-09-14,16.45,1680200.0,16.45333,0.0
2017-09-15,16.53,2805700.0,16.53333,-0.00121
2017-09-18,16.68,2477200.0,16.64333,0.00482
2017-09-19,16.79,2643700.0,16.76333,0.00841
2017-09-20,16.75,2274300.0,16.76333,-0.00534
2017-09-21,16.78,1757500.0,16.75333,-0.00119
2017-09-22,16.89,2967300.0,16.86333,0.00476
2017-09-25,16.91,3674400.0,16.88667,-0.00236
2017-09-26,17.08,4866100.0,17.04333,0.00767
2017-09-27,17.22,6294500.0,17.16667,0.00643
2017-09-28,17.29,5874300.0,17.23,0.0029
2017-09-29,16.73,5240200.0,16.73667,-0.00298
2017-10-02,16.94,3610600.0,16.86667,0.01255
2017-10-03,16.94,2825000.0,16.93667,0.00059
2017-10-04,17.03,2158500.0,16.99333,0.00531
2017-10-05,17.27,3749600.0,17.2,0.0129
2017-10-06,17.18,2463200.0,17.13333,-0.00348
2017-10-09,17.17,2038000.0,17.17,-0.00174
2017-10-10,17.14,1366200.0,17.15333,-0.00407
2017-10-11,17.12,1761800.0,17.13667,-0.00117
2017-10-12,17.16,1293200.0,17.15333,0.00175
2017-10-13,17.21,1538800.0,17.19667,0.00058
2017-10-16,17.14,2115900.0,17.17,-0.00522
2017-10-17,17.12,1299800.0,17.13667,-0.00291
2017-10-18,17.16,1380300.0,17.14667,0.00117
2017-10-19,17.25,1661200.0,17.2,0.00701
2017-10-20,17.49,2207000.0,17.42667,0.00982
2017-10-23,17.4,1810500.0,17.40667,-0.00571
2017-10-24,17.44,2042000.0,17.40333,-0.00057
2017-10-25,17.2,2901900.0,17.23333,-0.01546
2017-10-26,17.06,2658000.0,17.12,-0.00987
2017-10-27,17.89,4968900.0,17.73333,0.0159
2017-10-30,17.44,4064200.0,17.56,-0.02515
2017-10-31,17.63,2510100.0,17.61,0.0057
2017-11-01,17.71,2306000.0,17.72333,-0.00282
2017-11-02,17.51,2072500.0,17.57,-0.01574
2017-11-03,17.5,1430600.0,17.52333,0.0
2017-11-06,17.35,1942600.0,17.39667,-0.00914
2017-11-07,17.54,2175100.0,17.47333,0.01095
2017-11-08,17.43,2314900.0,17.46333,-0.0074
2017-11-09,17.36,1734400.0,17.38,-0.00402
2017-11-10,17.27,1383200.0,17.29,-0.00461
2017-11-13,17.43,1528300.0,17.39333,0.00751
2017-11-14,17.44,1237600.0,17.41333,0.00057
2017-11-15,17.34,1584800.0,17.35,-0.00288
2017-11-16,17.43,2895700.0,17.41667,0.00172
2017-11-17,17.46,3075700.0,17.44,0.00287
2017-11-20,17.63,2284700.0,17.60333,0.00628
2017-11-21,17.82,2214500.0,17.79,0.00678
2017-11-22,17.94,1971500.0,17.89,0.00504
2017-11-24,17.83,1122200.0,17.88,-0.00889
2017-11-27,17.78,1533100.0,17.82,-0.00504
2017-11-28,17.69,1362800.0,17.69333,-0.00338
2017-11-29,17.63,2508000.0,17.67333,-0.00339
2017-11-30,17.69,2352700.0,17.71,0.00057
2017-12-01,17.74,2025300.0,17.67,0.00453
2017-12-04,17.87,2491200.0,17.85333,0.0
2017-12-05,17.83,1278100.0,17.84333,-0.00168
2017-12-06,17.78,1681100.0,17.81,-0.0028
2017-12-07,17.93,2788400.0,17.93333,0.00844
2017-12-08,17.94,1478900.0,17.94,-0.00333
2017-12-11,17.99,2542200.0,18.00667,0.0
2017-12-12,18.02,2353900.0,18.03,0.00111
2017-12-13,18.02,2475900.0,18.05667,0.00056
2017-12-14,18.11,2247000.0,18.09,0.00332
2017-12-15,18.29,2453600.0,18.23667,0.00827
2017-12-18,18.28,2416800.0,18.30333,-0.00436
2017-12-19,18.01,2907600.0,18.11,-0.01585
2017-12-20,18.2,2259400.0,18.14,0.00275
2017-12-21,18.27,1674300.0,18.27,0.00385
2017-12-22,18.28,1894200.0,18.28,-0.00273
2017-12-26,18.3,2262700.0,18.29,0.00109
2017-12-27,18.28,3124700.0,18.28667,-0.00273
2017-12-28,18.07,2561000.0,17.98333,0.0095
2017-12-29,17.88,2350700.0,17.93333,-0.01161
2018-01-02,17.59,3212000.0,17.68,-0.01622
2018-01-03,17.43,2626100.0,17.50333,-0.00684
2018-01-04,17.72,2761900.0,17.65333,0.01664
2018-01-05,17.71,2767200.0,17.69333,-0.00282
2018-01-08,17.78,1786400.0,17.76333,0.00282
2018-01-09,17.61,1407300.0,17.67333,-0.00956
2018-01-10,17.63,1965300.0,17.55333,0.00227
2018-01-11,17.74,1086600.0,17.70333,0.00624
2018-01-12,17.74,1474600.0,17.77,-0.00169
2018-01-16,17.63,2741500.0,17.7,-0.00788
2018-01-17,17.19,27177800.0,17.22667,0.00526
2018-01-18,17.13,7689600.0,17.20333,-0.00753
2018-01-19,17.24,8346900.0,17.22333,0.00233
2018-01-22,17.45,5309300.0,17.40667,0.01042
2018-01-23,17.57,3759800.0,17.53,0.0063
2018-01-24,17.73,3023700.0,17.69,0.00739
2018-01-25,17.86,3518900.0,17.81,0.00676
2018-01-26,17.78,4429500.0,17.78,-0.00615
2018-01-29,17.54,3162600.0,17.61667,-0.01405
2018-01-30,17.39,3498300.0,17.39333,-0.00799
2018-01-31,17.29,3669700.0,17.34333,-0.01144
2018-02-01,17.37,2325600.0,17.4,0.00463
2018-02-02,17.1,3524000.0,17.17,-0.01213
2018-02-05,16.16,11391800.0,16.10333,-0.04322
2018-02-06,16.78,6278400.0,16.5,0.06001
2018-02-07,16.52,4013200.0,16.69667,-0.01373
2018-02-08,16.09,4760700.0,16.24333,-0.02721
2018-02-09,16.3,5295300.0,16.24,0.00555
2018-02-12,16.64,4561100.0,16.52333,0.01463
2018-02-13,16.91,5951500.0,16.86,-0.00529
2018-02-14,16.83,3131900.0,16.79333,-0.00178
2018-02-15,16.96,3416000.0,16.90667,0.00414
2018-02-16,16.89,2569500.0,16.90333,0.0
2018-02-20,16.76,3558200.0,16.82,-0.00828
2018-02-21,16.61,4805400.0,16.7,-0.01131
2018-02-22,16.54,2667500.0,16.60667,-0.00958
2018-02-23,16.57,2196500.0,16.58,-0.00181
2018-02-26,16.75,2748200.0,16.73667,0.0054
2018-02-27,16.46,2299000.0,16.55667,-0.01555
2018-02-28,16.13,3477400.0,16.28,-0.02183
2018-03-01,16.27,2590800.0,16.24,0.0037
2018-03-02,16.37,2030000.0,16.28333,0.01112
2018-03-05,16.58,2384700.0,16.54667,0.01283
2018-03-06,16.69,2246800.0,16.66333,0.00663
2018-03-07,16.54,2100900.0,16.61333,-0.00361
2018-03-08,16.64,2091600.0,16.61667,0.00301
2018-03-09,16.84,1808700.0,16.76,0.00959
2018-03-12,17.0,2560500.0,16.99667,0.0095
2018-03-13,17.02,1895100.0,17.05667,-0.00468
2018-03-14,17.09,1859900.0,17.13333,0.0
2018-03-15,17.03,2275000.0,17.03333,-0.00642
2018-03-16,17.22,3419400.0,17.14667,0.01116
2018-03-19,17.07,2766900.0,17.05,-0.00524
2018-03-20,17.01,1847000.0,17.03333,-0.00176
2018-03-21,17.02,2124600.0,17.04667,-0.00176
2018-03-22,16.76,2628100.0,16.85,-0.00887
2018-03-23,16.49,2647100.0,16.58667,-0.01728
2018-03-26,16.66,2588800.0,16.66,-0.0024
2018-03-27,16.77,3157800.0,16.78,0.00299
2018-03-28,16.65,3663800.0,16.7,-0.00775
2018-03-29,16.45,3409900.0,16.37333,0.01356
2018-04-02,16.18,3758600.0,16.22333,-0.01522
2018-04-03,16.23,2665600.0,16.23,0.00185
2018-04-04,16.31,1801000.0,16.25333,0.01493
2018-04-05,16.44,2365600.0,16.36333,0.00797
2018-04-06,16.32,1577100.0,16.33333,-0.00488
2018-04-09,16.18,2040900.0,16.26333,-0.01221
2018-04-10,16.27,1599700.0,16.27333,-0.00306
2018-04-11,16.25,1086800.0,16.24333,0.0
2018-04-12,16.24,1164500.0,16.25333,-0.00184
2018-04-13,16.13,1453600.0,16.16333,-0.00921
2018-04-16,16.27,1159900.0,16.23667,0.00494
2018-04-17,16.49,1542600.0,16.42333,0.01104
2018-04-18,16.52,1961200.0,16.53333,0.00182
2018-04-19,16.52,1948200.0,16.51,0.00121
2018-04-20,16.55,1844700.0,16.53667,0.0
2018-04-23,16.54,1276300.0,16.53667,-0.00301
2018-04-24,16.54,1754600.0,16.56667,-0.00121
2018-04-25,16.64,1734200.0,16.60333,0.0091
2018-04-26,16.94,3428200.0,16.85667,0.0162
2018-04-27,17.35,5360400.0,17.26,0.01166
2018-04-30,17.48,4120700.0,17.54,-0.00114
2018-05-01,17.7,3072600.0,17.62333,0.01259
2018-05-02,17.67,3162000.0,17.70333,-0.00169
2018-05-03,17.77,2995100.0,17.71667,0.00737
2018-05-04,17.94,2761600.0,17.88333,0.00957
2018-05-07,17.97,2052900.0,17.95667,0.0
2018-05-08,17.85,1979300.0,17.90333,-0.00833
2018-05-09,17.85,1637600.0,17.84333,-0.00112
2018-05-10,17.98,1375500.0,17.95333,0.00335
2018-05-11,17.98,1240800.0,18.00667,-0.00111
2018-05-14,17.98,1672700.0,17.98333,-0.00111
2018-05-15,18.01,1535000.0,17.98,0.00615
2018-05-16,18.07,1596500.0,18.05667,0.00277
2018-05-17,18.01,1563900.0,18.03333,-0.00277
2018-05-18,18.06,1534400.0,18.03333,0.00111
2018-05-21,18.09,2291900.0,18.08333,0.00111
2018-05-22,18.11,2248000.0,18.11667,0.0
2018-05-23,18.15,1766400.0,18.14,0.00221
2018-05-24,18.13,2307100.0,18.13667,0.0
2018-05-25,18.1,1619900.0,18.06667,0.0
2018-05-29,18.13,2857500.0,18.11333,0.00388
2018-05-30,18.09,2282200.0,18.11,-0.00331
2018-05-31,17.88,3124700.0,17.94667,-0.01215
2018-06-01,17.8,2625600.0,17.81,-0.00614
2018-06-04,17.81,3337000.0,17.81667,-0.00112
2018-06-05,17.89,2315200.0,17.85,0.00337
2018-06-06,18.08,2214300.0,18.01,0.01119
2018-06-07,18.12,1977600.0,18.11,0.0011
2018-06-08,18.21,2110500.0,18.17333,0.00497
2018-06-11,18.18,2522700.0,18.17333,-0.0011
2018-06-12,18.16,2282200.0,18.16333,-0.0022
2018-06-13,18.07,2342600.0,18.07667,-0.00441
2018-06-14,18.16,2256400.0,18.14667,0.0011
2018-06-15,18.15,2728300.0,18.14,0.00221
2018-06-18,18.37,2378800.0,18.30667,0.01212
2018-06-19,18.55,2316700.0,18.47,0.01366
2018-06-20,18.68,2641100.0,18.65,0.00538
2018-06-21,18.66,2070000.0,18.67,-0.00267
2018-06-22,18.3,6910600.0,18.40333,-0.01081
2018-06-25,18.17,3923000.0,18.22,-0.00765
2018-06-26,18.12,4350700.0,18.16,-0.00658
2018-06-27,17.9,3663800.0,18.01333,-0.01756
2018-06-28,18.02,4634800.0,17.89667,0.0039
2018-06-29,17.49,3714900.0,17.50333,-0.00625
2018-07-02,17.74,2865100.0,17.62667,0.01662
2018-07-03,18.02,2165100.0,17.94333,0.01407
2018-07-05,18.04,2593300.0,18.01667,-0.00055
2018-07-06,18.17,1747300.0,18.14333,0.00665
2018-07-09,18.2,2577800.0,18.18333,-0.00165
2018-07-10,18.19,2225800.0,18.19667,-0.00329
2018-07-11,18.32,2183000.0,18.27667,0.00715
2018-07-12,18.29,1676000.0,18.29,-0.00218
2018-07-13,18.26,1527700.0,18.29,-0.00219
2018-07-16,18.23,2205600.0,18.23333,-0.00164
2018-07-17,18.3,2157700.0,18.28,0.00329
2018-07-18,18.35,2033800.0,18.32333,0.00273
2018-07-19,18.42,2332100.0,18.38333,0.00381
2018-07-20,18.46,1745800.0,18.42667,0.00272
2018-07-23,18.51,2912400.0,18.49667,0.00162
2018-07-24,18.51,1750300.0,18.51667,-0.00162
2018-07-25,18.59,3037300.0,18.57,0.00486
2018-07-26,17.95,6297800.0,18.13,-0.03495
2018-07-27,17.78,5389300.0,17.83,-0.01441
2018-07-30,17.98,6143200.0,17.95667,0.00728
2018-07-31,17.89,6699300.0,17.88667,-0.00501
2018-08-01,17.93,2863800.0,17.86667,0.00336
2018-08-02,18.02,3279200.0,17.99,0.0067
2018-08-03,17.96,1897900.0,18.0,-0.00609
2018-08-06,18.03,1736800.0,17.99667,0.0039
2018-08-07,17.99,1850500.0,18.01,-0.00388
2018-08-08,18.01,1728100.0,17.99667,0.00111
2018-08-09,18.08,1364700.0,18.08,0.00166
2018-08-10,18.06,1871900.0,18.07667,0.0
2018-08-13,18.07,1427500.0,18.08,-0.00166
2018-08-14,18.12,1284600.0,18.12667,0.00166
2018-08-15,18.1,1596800.0,18.09667,0.00055
2018-08-16,18.22,1867100.0,18.20667,0.00386
2018-08-17,18.33,1800400.0,18.3,0.00549
2018-08-20,18.43,1694800.0,18.39,0.00327
2018-08-21,18.47,2105700.0,18.48,0.00163
2018-08-22,18.38,1939200.0,18.41,-0.00487
2018-08-23,18.32,1258300.0,18.35,-0.00326
2018-08-24,18.34,953500.0,18.32333,0.0
2018-08-27,18.45,1867000.0,18.43667,0.0049
2018-08-28,18.5,2139800.0,18.49,0.00217
2018-08-29,18.5,2072900.0,18.50333,0.0
2018-08-30,18.55,2189100.0,18.53,0.00162
2018-08-31,18.57,1440400.0,18.56,0.00216
2018-09-04,18.55,3189600.0,18.57667,0.0
2018-09-05,18.68,2894300.0,18.64333,0.00701
2018-09-06,18.67,2602300.0,18.68,-0.0016
2018-09-07,18.5,2540000.0,18.54333,-0.00804
2018-09-10,18.55,2368200.0,18.54333,0.0
2018-09-11,18.56,3464700.0,18.57,0.00054
2018-09-12,18.28,3089100.0,18.35333,-0.01456
2018-09-13,18.35,2923600.0,18.37,0.00055
2018-09-14,18.24,3159900.0,18.24,-0.00708
2018-09-17,18.18,2524800.0,18.19,-0.00384
2018-09-18,18.14,2846500.0,18.14667,-0.00055
2018-09-19,18.09,2743000.0,18.11333,-0.00495
2018-09-20,18.07,3337200.0,18.05667,-0.00386
2018-09-21,18.16,5458600.0,18.13667,0.00331
2018-09-24,18.23,3635400.0,18.24,0.0011
2018-09-25,18.09,3976300.0,18.13,-0.01039
2018-09-26,17.98,3538600.0,18.01333,-0.00773
2018-09-27,18.18,3443000.0,18.16,0.01
2018-09-28,17.82,2781500.0,17.82,0.00281
2018-10-01,17.78,3326900.0,17.77667,-0.00112
2018-10-02,17.81,2222100.0,17.81667,0.00338
2018-10-03,17.75,2766300.0,17.8,-0.00225
2018-10-04,17.65,5951100.0,17.63333,-0.00507
2018-10-05,17.57,2643300.0,17.61667,-0.00791
2018-10-08,17.8,3185500.0,17.71333,0.01309
2018-10-09,18.0,2838400.0,17.94,0.00953
2018-10-10,17.6,3640700.0,17.76667,-0.02277
2018-10-11,17.31,3619500.0,17.42667,-0.01424
2018-10-12,17.34,3206900.0,17.37,-0.01084
2018-10-15,17.51,2028200.0,17.49333,0.00806
2018-10-16,17.7,2040800.0,17.65667,0.00625
2018-10-17,17.96,2871400.0,17.88,0.01469
2018-10-18,17.84,2030400.0,17.9,-0.00779
2018-10-19,17.91,1781700.0,17.91667,0.00505
2018-10-22,17.9,2061400.0,17.94667,-0.0039
2018-10-23,17.65,2826200.0,17.65333,-0.00843
2018-10-24,17.65,2949900.0,17.71,-0.0017
2018-10-25,17.95,3321200.0,17.85667,0.01127
2018-10-26,17.46,4687600.0,17.56667,-0.02404
2018-10-29,17.47,3631100.0,17.59333,-0.00795
2018-10-30,17.73,3622900.0,17.62333,0.01546
2018-10-31,17.88,4267900.0,17.88667,0.00562
2018-11-01,17.13,26482100.0,17.19,-0.01097
2018-11-02,17.22,10042400.0,17.21667,0.00175
2018-11-05,17.3,9297800.0,17.34667,0.0029
2018-11-06,17.26,6022800.0,17.26,-0.00289
2018-11-07,17.37,5506400.0,17.31,0.00347
2018-11-08,17.41,4455900.0,17.41,0.0023
2018-11-09,17.63,6973700.0,17.51667,0.01264
2018-11-12,17.65,7063600.0,17.67667,-0.00057
2018-11-13,17.72,4776700.0,17.73333,0.00056
2018-11-14,17.76,4441700.0,17.72667,-0.00056
2018-11-15,17.29,6258900.0,17.41,-0.01929
2018-11-16,17.26,3819100.0,17.26,-0.00174
2018-11-19,17.2,3357000.0,17.23,-0.0029
2018-11-20,16.68,7921400.0,16.78667,-0.02399
2018-11-21,16.71,4096300.0,16.72333,0.0006
2018-11-23,16.77,1097000.0,16.79333,0.00179
2018-11-26,17.04,2299000.0,16.98333,0.00888
2018-11-27,17.04,2681400.0,17.08,-0.00059
2018-11-28,17.2,2389200.0,17.15333,0.00821
2018-11-29,17.3,2593300.0,17.27,0.00757
2018-11-30,17.2,4573300.0,17.18,-0.0029
2018-12-03,17.42,3542900.0,17.34333,0.00752
2018-12-04,17.07,3297000.0,17.19667,-0.0184
2018-12-06,17.02,6243200.0,16.91333,0.00118
2018-12-07,16.9,3269600.0,16.92,-0.00763
2018-12-10,16.68,3856900.0,16.71333,-0.01302
2018-12-11,16.29,5209100.0,16.46,-0.02804
2018-12-12,16.11,6968600.0,16.21,-0.01468
2018-12-13,15.57,11649600.0,15.75333,-0.03651
2018-12-14,15.68,6013300.0,15.71333,0.00836
2018-12-17,14.98,9935000.0,15.22,-0.04464
2018-12-18,15.2,6629000.0,15.24,0.00662
2018-12-19,14.9,7526100.0,15.04333,-0.02359
2018-12-20,14.31,10696000.0,14.43333,-0.0396
2018-12-21,14.41,9428100.0,14.51,-0.00069
2018-12-24,14.0,4335500.0,14.08667,-0.02439
2018-12-26,14.91,5945000.0,14.63667,0.0582
2018-12-27,14.98,7456800.0,14.79333,0.01011
2018-12-28,14.49,4499100.0,14.51333,-0.00207
2018-12-31,14.21,5595100.0,14.28667,-0.02
2019-01-02,14.33,3245000.0,14.25667,0.01344
2019-01-03,14.36,3455200.0,14.36667,0.00772
2019-01-04,14.8,3846300.0,14.70333,0.02493
2019-01-07,15.08,4843000.0,15.1,0.01276
2019-01-08,15.23,3425500.0,15.22,0.00263
2019-01-09,15.64,5325400.0,15.54667,0.01956
2019-01-10,15.73,3636600.0,15.68,0.00833
2019-01-11,15.78,2796800.0,15.73,-0.00063
2019-01-14,15.83,3224600.0,15.82667,0.00508
2019-01-15,15.89,3586800.0,15.88,0.00126
2019-01-16,15.99,2828000.0,16.02,0.00188
2019-01-17,16.09,3169000.0,16.07667,0.00249
2019-01-18,16.18,3239600.0,16.18667,0.00248
2019-01-22,16.17,3160300.0,16.15667,-0.00185
2019-01-23,16.35,3175000.0,16.29333,0.00801
2019-01-24,16.46,2523600.0,16.43333,0.00611
2019-01-25,16.65,3084500.0,16.62,0.00543
2019-01-28,16.7,3776000.0,16.67667,0.00421
2019-01-29,16.82,2409500.0,16.78333,0.00478
2019-01-30,16.89,3366700.0,16.85333,0.00297
2019-01-31,16.98,2955900.0,16.92333,0.00592
2019-02-01,16.98,3786200.0,16.96333,0.0
2019-02-04,17.04,2659500.0,16.98667,0.00235
2019-02-05,17.06,2867600.0,17.03,0.00059
2019-02-06,16.98,2406800.0,16.98333,-0.00294
2019-02-07,16.85,3309900.0,16.86333,-0.00473
2019-02-08,16.74,3092200.0,16.75,-0.00476
2019-02-11,16.8,2708600.0,16.78667,0.00179
2019-02-12,17.17,5960500.0,17.13667,0.01538
2019-02-13,17.09,3225500.0,17.09667,-0.00466
2019-02-14,17.03,3172200.0,17.00333,-0.00059
2019-02-15,17.12,3044600.0,17.07,0.00058
2019-02-19,17.02,4576100.0,17.07667,-0.00526
2019-02-20,16.4,37112000.0,16.41333,-0.00304
2019-02-21,16.57,15087100.0,16.53667,0.00975
2019-02-22,16.54,12242000.0,16.51667,-0.00361
2019-02-25,16.53,7194800.0,16.56,-0.00422
2019-02-26,16.54,6747100.0,16.56333,-0.00181
2019-02-27,16.55,4662900.0,16.53,0.0
2019-02-28,16.54,4701700.0,16.55,0.0
2019-03-01,16.56,7311400.0,16.57667,-0.00121
2019-03-04,16.68,5005200.0,16.63667,0.00301
2019-03-05,16.56,3268700.0,16.60333,-0.00719
2019-03-06,16.49,4505300.0,16.52667,-0.00423
2019-03-07,16.42,3585200.0,16.44,-0.00424
2019-03-08,16.38,3118900.0,16.37,0.00122
2019-03-11,16.62,3656700.0,16.57,0.00911
2019-03-12,16.66,3000200.0,16.68333,0.0012
2019-03-13,16.71,3424600.0,16.73,0.0012
2019-03-14,16.8,3556200.0,16.79333,0.00358
2019-03-15,16.82,4922400.0,16.79667,0.00238
2019-03-18,16.95,2710900.0,16.9,0.00833
2019-03-19,16.86,4806800.0,16.9,-0.00765
2019-03-20,16.73,5456300.0,16.78667,-0.0083
2019-03-21,16.9,4382400.0,16.86667,0.00956
2019-03-22,16.59,5037900.0,16.68333,-0.01776
2019-03-25,16.66,3247400.0,16.63333,0.00422
2019-03-26,16.77,3743800.0,16.78333,0.00299
2019-03-27,16.91,4132200.0,16.93333,0.00059
2019-03-28,17.0,4516000.0,16.95667,0.00413
2019-03-29,16.91,4679500.0,16.94667,-0.00588
2019-04-01,17.17,5904300.0,17.11,0.00941
2019-04-02,17.17,5522200.0,17.16667,-0.00464
2019-04-03,16.6,5671300.0,16.64,-0.01132
2019-04-04,16.68,3128200.0,16.63,0.00664
2019-04-05,16.69,3491300.0,16.67667,0.0006
2019-04-08,16.74,3472800.0,16.7,0.00541
2019-04-09,16.62,2416200.0,16.65,-0.00598
2019-04-10,16.61,2795600.0,16.62333,-0.003
2019-04-11,16.57,2203600.0,16.6,-0.0048
2019-04-12,16.61,3146500.0,16.59,0.0
2019-04-15,16.56,2065800.0,16.57667,-0.00241
2019-04-16,16.66,2308100.0,16.65,0.00483
2019-04-17,16.66,2199700.0,16.65333,-0.0018
2019-04-18,16.71,1856600.0,16.69,0.0018
2019-04-22,16.63,2517000.0,16.62667,-0.00359
2019-04-23,16.75,3424600.0,16.72667,0.00601
2019-04-24,16.87,2660900.0,16.84333,0.00536
2019-04-25,16.72,2450200.0,16.77667,-0.01007
2019-04-26,16.83,2904600.0,16.8,-0.00119
2019-04-29,16.75,2736100.0,16.78333,-0.00534
2019-04-30,16.81,3069600.0,16.76333,0.00358
2019-05-01,16.79,5600000.0,16.84667,0.00239
2019-05-02,16.66,3453800.0,16.71333,-0.00833
2019-05-03,16.6,3141000.0,16.62333,-0.0048
2019-05-06,16.67,2864500.0,16.59667,0.00725
2019-05-07,16.74,3130400.0,16.72,0.0024
2019-05-08,16.76,2955500.0,16.75333,0.00359
2019-05-09,16.65,3565400.0,16.6,-0.00359
2019-05-10,16.78,2298600.0,16.70667,0.01023
2019-05-13,16.55,2520700.0,16.57,-0.00541
2019-05-14,16.67,2013000.0,16.63333,0.00543
2019-05-15,16.68,1741500.0,16.65667,0.00301
2019-05-16,16.76,1849000.0,16.75667,0.00179
2019-05-17,16.62,2068100.0,16.66,-0.00776
2019-05-20,16.53,1965500.0,16.56,-0.00542
2019-05-21,16.6,1728500.0,16.59667,0.0006
2019-05-22,16.59,2717600.0,16.58,-0.0006
2019-05-23,16.52,2397200.0,16.52333,0.0
2019-05-24,16.52,2486900.0,16.53667,-0.00302
2019-05-28,16.4,2254900.0,16.47,-0.00906
2019-05-29,15.98,5836200.0,16.1,-0.02442
2019-05-30,15.59,4997700.0,15.73667,-0.02563
2019-05-31,15.25,7630000.0,15.16667,-0.01038
2019-06-03,15.48,3171600.0,15.44667,0.01508
2019-06-04,15.85,2995400.0,15.74667,0.01864
2019-06-05,15.72,3352700.0,15.81667,-0.01627
2019-06-06,15.74,2347000.0,15.67667,-0.00063
2019-06-07,15.13,10013300.0,15.26667,-0.02576
2019-06-10,15.32,5426700.0,15.20667,0.01524
2019-06-11,15.36,2686500.0,15.39,-0.0013
2019-06-12,15.42,2424800.0,15.46667,-0.00065
2019-06-13,15.55,2558600.0,15.52667,0.00647
2019-06-14,15.46,2423700.0,15.50333,-0.00643
2019-06-17,15.58,2018100.0,15.58667,0.00581
2019-06-18,15.77,3183100.0,15.8,0.00638
2019-06-19,15.84,2903000.0,15.83333,-0.00063
2019-06-20,15.83,5014200.0,15.77333,-0.0044
2019-06-21,15.89,3431800.0,15.84333,0.00379
2019-06-24,16.01,3197000.0,15.99,0.00376
2019-06-25,15.64,5392100.0,15.78333,-0.02736
2019-06-26,15.72,3605400.0,15.74333,0.00255
2019-06-27,15.84,3232200.0,15.82,0.0038
2019-06-28,15.39,4490900.0,15.42667,-0.00259
2019-07-01,15.46,3124000.0,15.45,-0.00129
2019-07-02,15.33,3587900.0,15.34333,-0.00648
2019-07-03,15.42,1923500.0,15.37,0.01115
2019-07-05,15.56,1960600.0,15.48667,0.01039
2019-07-08,15.4,3071200.0,15.46667,-0.00965
2019-07-09,15.3,3458100.0,15.32,-0.00391
2019-07-10,15.3,3705700.0,15.31667,-0.00196
2019-07-11,15.29,2985300.0,15.28667,-0.00065
2019-07-12,15.41,3593300.0,15.38667,0.00719
2019-07-15,15.45,2167600.0,15.46,0.0
2019-07-16,15.37,3006800.0,15.35,-0.00518
2019-07-17,15.28,2129800.0,15.28667,-0.00326
2019-07-18,15.04,4823000.0,15.09667,-0.01183
2019-07-19,15.18,3263500.0,15.17667,0.00931
2019-07-22,15.17,2227600.0,15.17,-0.00132
2019-07-23,15.34,1933200.0,15.28667,0.01187
2019-07-24,15.49,3358900.0,15.45333,0.00912
2019-07-25,15.38,2547200.0,15.4,-0.0071
2019-07-26,15.54,2514400.0,15.49333,0.00517
2019-07-29,15.51,3917600.0,15.56333,-0.00193
2019-07-30,15.68,5002000.0,15.58,0.0235
2019-07-31,15.69,3778000.0,15.74,-0.00064
2019-08-01,15.48,3489500.0,15.55333,-0.01276
2019-08-02,15.37,2253700.0,15.39667,-0.00711
2019-08-05,14.92,5966800.0,14.95333,-0.01777
2019-08-06,15.09,3625300.0,15.04,0.00466
2019-08-07,15.06,3564900.0,14.99,0.004
2019-08-08,15.27,3579800.0,15.17,0.01597
2019-08-09,14.99,3539700.0,15.04,-0.01576
2019-08-12,14.46,5411000.0,14.61,-0.02953
2019-08-13,14.52,5451600.0,14.51667,0.00903
2019-08-14,14.06,7203200.0,14.16667,-0.02157
2019-08-15,13.96,4277300.0,14.02,-0.01133
2019-08-16,14.16,2664800.0,14.14667,0.01143
2019-08-19,14.26,2410300.0,14.25,-0.0007
2019-08-20,14.14,1762100.0,14.18333,-0.00632
2019-08-21,14.42,4720500.0,14.42,0.00839
2019-08-22,14.48,2945200.0,14.43,0.00347
2019-08-23,14.15,4061400.0,14.26667,-0.01736
2019-08-26,14.21,2841700.0,14.20667,-0.0007
2019-08-27,13.91,4636000.0,14.01333,-0.02386
2019-08-28,13.96,3824600.0,13.86,0.00794
2019-08-29,14.06,3285000.0,14.03333,0.0
2019-08-30,14.07,3101000.0,14.1,-0.00425
2019-09-03,13.98,3583300.0,13.96333,-0.00143
2019-09-04,14.1,2171900.0,14.08667,0.00499
2019-09-05,14.31,2584500.0,14.28,0.01059
2019-09-06,14.51,3886400.0,14.48,0.00276
2019-09-09,14.81,3799500.0,14.72667,0.01787
2019-09-10,15.06,3741300.0,14.99333,0.01074
2019-09-11,15.11,3444200.0,15.09,-0.00198
2019-09-12,14.98,2728000.0,15.0,-0.00795
2019-09-13,15.11,2836400.0,15.09333,0.00599
2019-09-16,15.11,2061500.0,15.1,0.00265
2019-09-17,15.05,2123200.0,15.02667,-0.00066
2019-09-18,14.98,2317600.0,14.99667,-0.00465
2019-09-19,15.16,2912500.0,15.13,0.00731
2019-09-20,15.21,5323400.0,15.2,0.0033
2019-09-23,15.23,3202100.0,15.25,0.00329
2019-09-24,15.33,5317200.0,15.41333,-0.0013
2019-09-25,15.42,2933900.0,15.43667,0.00587
2019-09-26,15.58,3408400.0,15.55,0.00711
2019-09-27,15.59,3698500.0,15.64,-0.00064
2019-09-30,15.68,4436000.0,15.66,0.00513
2019-10-01,15.45,5755600.0,15.54667,-0.01592
2019-10-02,14.76,5039000.0,14.75,-0.01139
2019-10-03,14.69,5537000.0,14.66,-0.00068
2019-10-04,14.76,2665000.0,14.70667,0.00682
2019-10-07,14.91,4311000.0,14.91667,-0.00666
2019-10-08,14.81,3555300.0,14.82333,-0.00269
2019-10-09,14.98,2220100.0,14.94333,0.00672
2019-10-10,15.21,3249400.0,15.14667,0.014
2019-10-11,15.4,3787500.0,15.43,0.00065
2019-10-14,15.33,1666200.0,15.31667,-0.0039
2019-10-15,15.44,2780600.0,15.43667,0.00718
2019-10-16,15.41,1756000.0,15.42333,-0.00194
2019-10-17,15.5,1992000.0,15.47,0.00519
2019-10-18,15.49,2126000.0,15.49333,0.0
2019-10-21,15.68,2367400.0,15.62667,0.01161
2019-10-22,15.83,2474300.0,15.75333,0.00957
2019-10-23,15.82,2530100.0,15.8,-0.00189
2019-10-24,15.77,2447000.0,15.74333,-0.0019
2019-10-25,15.68,5779000.0,15.78667,-0.00885
2019-10-28,15.68,3652700.0,15.66333,0.0
2019-10-29,15.8,2958100.0,15.79667,0.00765
2019-10-30,15.72,2415000.0,15.71667,-0.0019
2019-10-31,15.84,3595400.0,15.81667,-0.00252
2019-11-01,15.98,3255200.0,15.96667,0.0082
2019-11-04,16.05,2895600.0,16.05,0.0025
2019-11-05,15.98,3015400.0,16.0,-0.00436
2019-11-06,16.03,1767800.0,15.97667,0.00565
2019-11-07,16.13,2449000.0,16.12667,0.00186
2019-11-08,16.21,3024900.0,16.16,0.00621
2019-11-11,16.12,1855800.0,16.15,-0.00309
2019-11-12,16.12,2165600.0,16.11667,0.00062
2019-11-13,16.05,2625500.0,16.01667,0.00125
2019-11-14,15.24,11014700.0,15.43667,-0.04151
2019-11-15,15.2,6653500.0,15.22333,-0.00654
2019-11-18,15.34,3985800.0,15.34333,0.00987
2019-11-19,15.32,2960500.0,15.32333,-0.00065
2019-11-20,15.41,3033300.0,15.37667,0.00653
2019-11-21,15.39,1827100.0,15.39,-0.00259
2019-11-22,15.35,1917500.0,15.38,-0.00195
2019-11-25,15.49,3476900.0,15.46,0.00846
2019-11-26,15.5,2226800.0,15.50667,-0.00257
2019-11-27,15.47,2098700.0,15.47667,-0.00194
2019-11-29,15.5,1210000.0,15.51,-0.00064
2019-12-02,15.69,4059400.0,15.66667,0.00835
2019-12-03,15.76,2523900.0,15.69333,0.00703
2019-12-04,15.78,3589800.0,15.77333,0.00318
2019-12-05,15.71,2667900.0,15.72,-0.00444
2019-12-06,15.81,2176800.0,15.8,0.00573
2019-12-09,15.81,2561700.0,15.79667,-0.00126
2019-12-10,15.75,4218900.0,15.78333,-0.00063
2019-12-11,15.63,3434200.0,15.65667,-0.00509
2019-12-12,15.73,2118300.0,15.72,0.00575
2019-12-13,15.7,3132100.0,15.74333,-0.00317
2019-12-16,15.75,9848100.0,15.78333,-0.00127
2019-12-17,16.23,6306500.0,16.13667,0.0214
2019-12-18,16.24,4078700.0,16.22,0.00247
2019-12-19,16.45,4381900.0,16.38667,0.01044
2019-12-20,16.49,4498700.0,16.49,0.00182
2019-12-23,16.48,3318300.0,16.50667,-0.00723
2019-12-24,16.52,1387200.0,16.49,0.00121
2019-12-26,16.65,3036500.0,16.63667,0.00604
2019-12-27,16.67,4111300.0,16.66667,-0.0012
2019-12-30,16.04,3681700.0,16.12,-0.01171
2019-12-31,16.11,3264000.0,16.12333,0.00374
2020-01-02,16.27,2938600.0,16.21333,0.00681
2020-01-03,16.14,2560000.0,16.15333,-0.00062
2020-01-06,16.21,3952600.0,16.17,0.00683
2020-01-07,16.22,2089900.0,16.21333,0.00371
2020-01-08,16.25,2481900.0,16.23667,0.00123
2020-01-09,16.34,6909400.0,16.32,0.0043
2020-01-10,16.41,3834700.0,16.39333,0.00244
2020-01-13,16.44,2911200.0,16.43667,0.00061
2020-01-14,16.48,2144300.0,16.48,0.00182
2020-01-15,16.54,2568000.0,16.56333,0.00364
2020-01-16,16.67,10174000.0,16.66333,0.00241
2020-01-17,16.7,2728800.0,16.69333,0.0
2020-01-21,16.74,3033300.0,16.74,0.0024
2020-01-22,16.72,3200500.0,16.72667,-0.00476
2020-01-23,16.68,3425200.0,16.62333,0.0006
2020-01-24,16.5,3135200.0,16.55667,-0.01079
2020-01-27,16.4,2913500.0,16.38,0.00306
2020-01-28,16.63,2593500.0,16.58667,0.00971
2020-01-29,16.72,2284100.0,16.70667,0.0012
2020-01-30,16.8,2615200.0,16.76,0.0078
2020-01-31,16.74,5790500.0,16.79333,-0.00653
2020-02-03,16.81,4780700.0,16.82,0.00298
2020-02-04,16.84,3854900.0,16.86333,-0.00355
2020-02-05,16.95,5596700.0,16.96,0.00059
2020-02-06,17.48,12284700.0,17.40333,0.01451
2020-02-07,17.24,4798400.0,17.33333,-0.01317
2020-02-10,17.28,4972800.0,17.28333,-0.00173
2020-02-11,17.41,4206200.0,17.4,0.00636
2020-02-12,17.46,4909900.0,17.47667,0.0
2020-02-13,17.5,4507900.0,17.51,-0.00057
2020-02-14,17.63,2917300.0,17.57,0.00743
2020-02-18,17.59,4714100.0,17.58,0.00057
2020-02-19,17.53,4774800.0,17.55,-0.0068
2020-02-20,17.6,4231200.0,17.55333,0.00399
2020-02-21,17.44,5281900.0,17.46667,-0.00796
2020-02-24,17.18,5732600.0,17.10333,0.00822
2020-02-25,16.69,7494600.0,16.87333,-0.02965
2020-02-26,16.76,5441200.0,16.82667,0.00419
2020-02-27,15.98,12195100.0,16.11667,-0.03327
2020-02-28,15.56,12680300.0,15.48667,0.015
2020-03-02,16.54,7946000.0,16.25333,0.05485
2020-03-03,16.19,7343600.0,16.33333,-0.02293
2020-03-04,16.44,9342500.0,16.4,0.00489
2020-03-05,16.11,7191100.0,16.15667,-0.00617
2020-03-06,15.71,6443100.0,15.59333,-0.00254
2020-03-09,14.07,10028300.0,14.32333,-0.02292
2020-03-10,14.59,5518400.0,14.48333,-0.01883
2020-03-11,13.75,9067600.0,13.85667,-0.03576
2020-03-12,11.61,17911400.0,11.53333,-0.01359
2020-03-13,12.09,10461300.0,12.36667,-0.10444
2020-03-16,10.56,9971700.0,10.62333,0.00571
2020-03-17,9.85,13830700.0,9.86667,-0.07858
2020-03-18,5.73,26043000.0,6.41667,-0.36825
2020-03-19,6.75,20996900.0,6.44,0.05469
2020-03-20,7.01,19506900.0,7.69,-0.09314
2020-03-23,5.29,27053900.0,5.80667,-0.24751
2020-03-24,4.57,33231100.0,5.04333,-0.2396
2020-03-25,5.19,29099200.0,5.22667,0.01765
2020-03-26,7.26,41008800.0,6.96667,0.27368
2020-03-27,6.88,20416700.0,7.13,-0.04709
2020-03-30,5.97,15734900.0,5.93667,-0.08154
2020-03-31,5.01,29014700.0,5.19333,-0.07394
2020-04-01,4.36,21590200.0,4.51,-0.06034
2020-04-02,4.26,13854500.0,4.38667,-0.02517
2020-04-03,3.33,40110000.0,3.47667,-0.20335
2020-04-06,3.43,23784400.0,3.54333,-0.08777
2020-04-07,3.96,34466400.0,4.13,0.02857
2020-04-08,5.11,29367900.0,4.83333,0.16934
2020-04-09,5.75,33685800.0,5.97667,-0.03361
2020-04-13,5.34,20626800.0,5.45667,-0.10553
2020-04-14,5.21,13924800.0,5.31667,-0.04579
2020-04-15,4.85,10120400.0,4.83,-0.00818
2020-04-16,4.67,9905800.0,4.70333,-0.03313
2020-04-17,5.34,18509100.0,5.25667,0.07879
2020-04-20,5.02,10200300.0,5.05333,-0.00199
2020-04-21,5.85,22190300.0,5.51667,0.20868
2020-04-22,5.53,16764500.0,5.76333,-0.10227
2020-04-23,5.52,8731700.0,5.62,0.0073
2020-04-24,5.22,15316600.0,5.18667,-0.02974
2020-04-27,5.55,11132800.0,5.44333,0.05714
2020-04-28,5.9,12506100.0,5.84333,0.0
2020-04-29,6.56,14745400.0,6.46333,0.06494
2020-04-30,6.09,11582900.0,6.18,-0.05581
2020-05-01,5.85,9148200.0,5.84333,-0.00679
2020-05-04,6.06,12586300.0,5.86,0.08993
2020-05-05,6.52,23667600.0,6.69333,-0.04818
2020-05-06,6.11,11647000.0,6.32333,-0.06
2020-05-07,6.27,9552500.0,6.31333,0.00804
2020-05-08,6.6,8112500.0,6.51667,0.03448
2020-05-11,6.31,8174400.0,6.34667,-0.01866
2020-05-12,6.11,9112400.0,6.19333,-0.04232
2020-05-13,5.66,14271100.0,5.71667,-0.05667
2020-05-14,6.09,10204400.0,5.83333,0.10929
2020-05-15,5.91,9701876.0,5.98667,-0.00672
